ID,EI,Ts0,d1,d3,lm,ell,fold
0,0.0013357740852389,1.029012539638707,1.089503767758474e-05,6.456020066051344e-06,-3.959579745646049,-0.6527615107045984,train
2,0.0005694528238613,1.0725474240068458,5.459397861741916e-06,2.162588622924622e-06,-3.274084320881184,-0.6715452807501947,train
3,0.0004374061901219,1.0698434357350033,1.2582487531585545e-05,7.536491606858779e-06,-3.038501486802176,-0.6668535990288993,train
5,0.0003720254204931,1.061264465745938,1.0153377579432971e-05,1.439657006327804e-06,-2.408564269154388,-0.6616218213140335,train
6,0.0015469429671714,1.029049418336351,5.2750391741179e-06,3.783467371571529e-06,-2.357564272593709,-0.6231246931218257,train
7,0.0005572260156184,1.016429219530807,8.974238646985834e-06,1.005448445450439e-05,-3.729583798475305,-0.5956367959278882,train
8,0.0008873383509804,1.0244569027645292,1.015490676060043e-05,7.013683904768066e-06,-3.5362606574509936,-0.5900834906475464,train
9,0.0015515952667526,1.0328243632161742,9.138534496372722e-06,1.1639027268801485e-06,-3.1875171094565813,-0.5186408582505602,train
10,0.0014563587872811,1.0370851014855484,5.795069126591677e-06,5.032693509025693e-06,-3.07832328350452,-0.5120264574601681,train
11,0.0007566975182638,1.078367881182065,2.084191453401507e-06,1.2989161927757384e-06,-2.867497797618056,-0.5341049884634225,train
12,0.0013353269881333,1.1134436537590475,7.941977619914506e-06,1.0315577037549266e-06,-2.5776763505212443,-0.5028762511795238,train
15,0.0010699310848069,1.1226944758203323,2.226069100766486e-06,4.86041513855733e-06,-3.609047992141472,-0.4389968814664074,train
16,0.0006443427417751,1.0270641566647205,1.1166103037179632e-05,1.1266593287925935e-05,-3.404725678011065,-0.4588205653678129,train
17,0.0008654936008221,1.107109119081765,2.906992471505423e-06,1.1039756491046845e-05,-3.029954512979957,-0.4279769074431108,train
18,0.0016800348306513,1.038302822466948,5.4113592909163904e-06,9.790376937854317e-06,-2.790548325320928,-0.4340250692182335,train
19,0.0013010406893128,1.1385918326056432,3.208591980195685e-06,7.682851592829324e-06,-2.4567753568510646,-0.4089106627729,train
22,0.0016218505810126,1.149033446310371,1.0223612723705996e-05,6.502373174665066e-06,-3.612192511837454,-0.3870993787819889,train
23,0.0016471594292332,1.0949365804848843,7.105610617439514e-06,1.0762523161103497e-05,-3.261367256315148,-0.3490224649209387,train
24,0.001586158514415,1.0685362736860813,1.1791557789499496e-05,8.82930377394936e-06,-3.1533151819333622,-0.3947710990985514,train
25,0.0015267838382049,1.1055714796435523,1.1918051475431356e-05,1.1148833211439688e-06,-2.874636732574221,-0.3712849093832522,train
26,0.0016342322590618,1.0281692775244216,6.438611091082576e-06,8.631439259559477e-06,-2.6116614034071435,-0.3062494384324189,train
28,0.0006251512247378,1.0442574102826714,1.1478434982203529e-05,1.1713961069319382e-05,-3.98753931173684,-0.2803166001115423,train
29,0.0011060202978333,1.0799103243139925,4.856074446443154e-06,1.4177188084412026e-06,-3.5383876219751733,-0.2986283459468143,train
30,0.0007009564305272,1.0322115888255643,1.85135158604104e-06,7.067024045301729e-06,-3.4387766886168034,-0.2769406587989793,train
31,0.0014175518282546,1.019966282924758,1.7983627336665398e-06,6.684380337554392e-06,-2.9638204285767067,-0.2781206922993869,train
33,0.0012394098162362,1.1369290269266208,3.446291402815698e-06,1.00335486571586e-05,-2.439560007149991,-0.2451141978921859,train
36,0.0008600839007951,1.1468002519305347,6.919696545247232e-06,3.4614732728432114e-06,-3.7272783186451006,-0.1345740259488622,train
37,0.0013177423755689,1.0195452285860644,1.3567938531105538e-05,9.343754697202673e-06,-3.3591887495537245,-0.1879083451393706,train
38,0.0009561213589669,1.038283156772884,1.119086510204792e-06,8.563006706389071e-06,-3.1258202541241773,-0.111333718614433,train
39,0.0008963130783231,1.058111207355649,1.3008435763601687e-05,2.419824796167304e-06,-2.8908684607438646,-0.1519676768593326,train
41,0.0004763579024296,1.0085352069158042,5.39731434946083e-06,5.894358181814724e-06,-2.3388363498782985,-0.1317752451603522,train
42,0.0016191703771902,1.0701694299656244,7.685055162548915e-06,5.465005871983424e-06,-3.908416381630523,-0.0308537993541521,train
43,0.0010592200399357,1.0046258121714828,9.29550297382706e-06,8.363974606312296e-06,-3.6052705729767234,-0.0789654127426792,train
44,0.0013805992158557,1.1114788936838098,6.597102791648303e-06,7.1346060674954325e-06,-3.314380842152025,-0.0277995838778929,train
45,0.001463308004877,1.122519080004124,7.592225962543156e-06,7.696617621487716e-06,-3.0464699282457515,-0.006575649517238,train
46,0.0016419415170393,1.1183174484757463,6.6913975235099405e-06,5.206687859752152e-06,-2.846293069047657,-0.0027596595367045,train
48,0.0012456462679841,1.0250817956820628,8.970519048586803e-06,1.1501561997254584e-05,-2.208635010410732,-0.0554842848726472,train
49,0.0015102372553153,1.153487518503357,1.3082424352357425e-05,1.5899558342032336e-05,-3.862546920307101,-0.6137990007059905,train
50,0.0005876741360424,1.0301416500993128,1.1592784778651276e-05,1.4711249790455508e-05,-3.463937281285455,-0.6639985182128422,train
51,0.0013305875766298,1.028857017815522,1.0594948460170988e-05,2.3248302850932356e-05,-3.367534177472283,-0.6857361834486355,train
53,0.0003918491366379,1.0978185374599394,7.950372610119046e-06,1.7499726258988495e-05,-2.8042582920100885,-0.6056499178947659,train
54,0.0009166346907515,1.0806002034258042,1.4442150241635278e-05,2.037410614830938e-05,-2.5769981076097195,-0.6355759070650281,train
55,0.0010065150119375,1.080945876675815,7.335936450803506e-06,1.8833983817758743e-05,-2.1346914756843582,-0.6385167623596231,train
56,0.0005812981301605,1.07470997287176,9.472575107570157e-06,1.7542544713371884e-05,-3.7622999838662174,-0.5034705491172777,train
57,0.0006084575860818,1.1114297083573446,6.163943903856186e-06,2.1964598555278236e-05,-3.673361809584064,-0.5633124562014618,train
59,0.0009827056421685,1.1091292240434816,2.1640127362130046e-06,1.9236477196089078e-05,-3.0657208233463757,-0.5599939067770519,train
60,0.0016325426201455,1.105757871819667,8.555517308509031e-06,1.857349329718432e-05,-2.7479502665722637,-0.5888393198946029,train
61,0.0003269638480627,1.005845779708729,8.040212953515852e-06,1.376553434144938e-05,-2.5195101631133667,-0.5789655553626825,train
63,0.0010449082173554,1.119036412682739,5.682632580414624e-06,2.0042249920143712e-05,-3.829532664187138,-0.4060698938356779,train
65,0.0015121071665646,1.020219554957835,8.295259908668207e-06,2.100697482103481e-05,-3.431968579448399,-0.4012927469418587,train
66,0.0004432893186227,1.0324464823159802,1.0032023376475108e-06,2.0977968097088763e-05,-3.1007211102310586,-0.4457444550446933,train
67,0.000915428197202,1.1293722476640986,1.2500677354833295e-05,2.006580138453133e-05,-2.8604451299617493,-0.4104234133025295,train
68,0.0015443616004631,1.003763357565204,9.144792330374045e-06,1.408121881482084e-05,-2.482522529583288,-0.4793987062596612,train
69,0.0011441411949859,1.1456151811068709,1.102862506311962e-05,1.2878649062298302e-05,-2.314696936847531,-0.4249551929774225,train
70,0.0016694052978296,1.0365822065639536,2.825212258577118e-06,1.7848959891567188e-05,-3.992234018061117,-0.3783539311374948,train
72,0.0008359822658804,1.0156610046744146,1.4045742648774628e-05,2.127562265302083e-05,-3.2516512709184284,-0.3403166917446861,train
73,0.0005058293426473,1.1438546788106694,8.135104556110234e-06,1.8151042778675123e-05,-2.9784190682755023,-0.3759459593948915,train
74,0.0008742174314495,1.1182946116493908,2.7241566470828687e-06,1.4263387468006968e-05,-2.756921421982929,-0.3534719605953879,train
75,0.0007850292891378,1.1098915343329516,7.765759224260988e-06,2.133350224983498e-05,-2.4406089494462413,-0.3890233995175522,train
76,0.0010219238316751,1.072448486033871,7.448367994306862e-06,1.961362668593441e-05,-2.190872693803575,-0.348141939010877,train
77,0.0003144780996833,1.1328614758324598,1.246470183395332e-06,2.1447514284591624e-05,-3.840806979454402,-0.2504269194229302,train
78,0.0014314889728418,1.142841268142731,1.4960540026213182e-05,1.2810531742290491e-05,-3.5079038185711067,-0.2094304269043578,train
79,0.0013883507804611,1.1365692480720655,7.212745308653956e-06,2.074931426136928e-05,-3.2303415922619965,-0.2194115104740506,train
81,0.0005815648786904,1.0062345829796755,1.117635794929758e-05,2.031113623777389e-05,-2.694712170540276,-0.2381089237363205,train
82,0.0009650587745811,1.0611395186125163,1.0496511989489847e-05,1.3501401627934249e-05,-2.617003997417403,-0.2969353014281008,train
83,0.0005410203991272,1.0273888628106362,4.078113625880583e-06,1.6770463421453806e-05,-2.155827521577258,-0.2904692088340023,train
84,0.0014251462866341,1.016856098702215,9.287854069619397e-06,1.4384955413844967e-05,-3.90499368713621,-0.1704875378627574,train
86,0.0014409177447617,1.0069887372863435,1.437956681219046e-05,1.5712537338630488e-05,-3.3791451907741856,-0.1023647306981074,train
88,0.0014427772585941,1.0447369072433967,8.655258617145581e-06,1.835530983767524e-05,-2.8310279896721595,-0.1022910631628786,train
89,0.0003552708469427,1.0995713521934922,1.2897620447141484e-05,1.41087007879614e-05,-2.629833256615385,-0.1184594015689473,train
90,0.0007092486155965,1.0881275253017122,1.161578452664815e-05,1.4550269855562886e-05,-2.323137775677259,-0.1303854291520487,train
92,0.000673890928334,1.1479607814602448,2.4599222992951004e-06,2.3212268347520183e-05,-3.541440548162869,-0.0187058184406481,train
93,0.0015351875147971,1.1175357031878084,9.243645625213394e-06,1.6043436627243223e-05,-3.3332534266264897,-0.0586214148280869,train
94,0.0013761060085166,1.0863892155525716,2.303261029585613e-06,1.940712998669641e-05,-2.967129027626637,-0.0987293989983572,train
96,0.0009106993399108,1.035799176238265,9.219735516638473e-06,2.3213737818991805e-05,-2.50104739461026,-0.0852041902012069,train
97,0.0010695568479182,1.1194380546426317,1.3509873473520496e-06,1.3835288278953323e-05,-2.2857268805233595,-0.0712160917193007,train
100,0.0013708355695739,1.1386792430598829,7.137288754678374e-06,3.0628317639402715e-05,-3.2035800331558493,-0.6253169991966236,train
101,0.0016446315697949,1.0425340274838586,3.019932530996509e-06,2.6072779844668737e-05,-2.969806227417238,-0.6285952374622272,train
103,0.001264549194308,1.0732591280969994,7.703069158285514e-06,3.087981193851299e-05,-2.3771051971678454,-0.6611585210208496,train
104,0.0015966577894494,1.1026070254924631,7.266959007948768e-06,3.180471519512875e-05,-2.29010168616302,-0.6149390583219949,train
107,0.0006301356618138,1.104159319482666,9.438718237195084e-06,2.453477280508868e-05,-3.19222125361886,-0.524008639602225,train
108,0.0016345067629583,1.060266063469426,1.201758364498137e-06,3.3296350347922414e-05,-3.013706023924119,-0.524568908648245,train
109,0.0005999593168891,1.0610810461158993,1.2300390508437687e-05,3.346418973109794e-05,-2.6777403031731355,-0.5209497812645227,train
110,0.0003423339093055,1.120412689259371,1.4803540206072106e-05,2.7188209328521068e-05,-2.4814458020999925,-0.5934619590587467,train
111,0.0006830231677182,1.0826161788479605,1.4707789354280615e-05,3.473114088168129e-05,-2.1452850281832507,-0.599109830905783,train
113,0.0016659720725298,1.0750655536946674,1.3612557834277547e-05,2.391740065963344e-05,-3.566810845028454,-0.4107341115280475,train
114,0.0010879806045469,1.1065887698596222,1.2580013407300916e-05,2.4036671937589914e-05,-3.381122201877343,-0.4665235779178401,train
115,0.0016790085108045,1.064800460433662,1.2460882689157016e-05,2.5671145525320142e-05,-3.120260084716609,-0.4414453240229789,train
116,0.0007066800666224,1.0499719301521793,3.25438575260708e-06,2.993804765143845e-05,-2.6764675075292508,-0.4855164667483713,train
117,0.0012694232458096,1.1110013250744046,1.443401669807066e-05,3.0461589753000215e-05,-2.485027829595798,-0.4329145721382443,train
118,0.0007346545790742,1.1139718985444258,1.1248036844863731e-05,2.822996397690729e-05,-2.295062050338992,-0.4757695977033602,train
119,0.0006068914339717,1.035439338493818,5.462345409479844e-06,3.1412785191396016e-05,-3.814791379646891,-0.3229631638702631,train
120,0.0012349361741658,1.0996305940226043,1.051623737610686e-05,2.741386268480881e-05,-3.48999405586299,-0.3486107150401616,train
124,0.00097143251327,1.1002759804906372,2.680186934596244e-06,2.7304841543530548e-05,-2.640132896241276,-0.3723798510843112,train
125,0.0009180819119029,1.0050767550749096,4.666822618692619e-06,3.128522760628863e-05,-2.183911733208743,-0.3077727498408139,train
126,0.0015482734233439,1.038155339774646,7.712094863072521e-06,2.875181632605919e-05,-3.8042761722134784,-0.2697160814368497,train
127,0.0009670555177521,1.0586273759888736,8.336622325071495e-06,2.8280989790689544e-05,-3.679202063264023,-0.2185837730655473,train
131,0.0007698400528457,1.0584892176103002,1.413301103608186e-05,2.6935984897856537e-05,-2.4938329081944883,-0.2066457116373092,train
132,0.0014182052638528,1.1345431089809617,8.379611832802601e-06,3.2456441985786826e-05,-2.248776126473433,-0.2333528312874276,train
133,0.0006687703234874,1.1202368583043327,8.620505519643555e-06,3.275532293839449e-05,-3.777544019907222,-0.1369664286452485,train
135,0.000777772867344,1.1468450950400435,1.5049945222045733e-05,3.227890403500665e-05,-3.2892000471600875,-0.1918544012249544,train
136,0.0003755083919867,1.1261963327245796,1.2465414444692573e-05,2.486040690030426e-05,-3.071460186393278,-0.1603503056584848,train
137,0.0006277671933389,1.0136247295979184,1.1004242690452356e-05,2.8219677816510536e-05,-2.766551445586296,-0.1812619271539487,train
139,0.0014894447103115,1.0155316052871926,1.2490903892733811e-05,2.502837630407957e-05,-2.3224706476987595,-0.16830535023286,train
140,0.0007028490740989,1.0351339144936471,1.4291446525769025e-05,2.6967780244098797e-05,-3.745091174505178,-0.0725427243262048,train
141,0.0007232043654771,1.074189832393356,3.398870592278768e-06,2.6578549291742288e-05,-3.573424040822558,-0.0434048261537745,train
142,0.0006967528606067,1.0580743765534235,2.460921077030796e-06,3.117120763954777e-05,-3.245696832046447,-0.0849927856496183,train
144,0.0005213871692886,1.050657406650373,6.726498951734887e-06,2.8591848113456605e-05,-2.84457971908168,-0.0233690681434577,train
145,0.0014524003453015,1.0972304398105197,5.642707050094177e-06,2.8099058799018297e-05,-2.548909867315934,-0.0909041247224614,train
148,0.0009400128728479,1.0139130537807397,3.489597265713893e-06,3.908562266030386e-05,-3.488016532171844,-0.6552844020213457,train
149,0.0009570620451082,1.121422206457144,1.479979762826505e-05,4.2792362306255214e-05,-3.3907618237580124,-0.6129600300327307,train
150,0.0007742106023986,1.008049258125686,9.337204212772932e-06,3.894551014092329e-05,-2.970273782277697,-0.6031832957596407,train
151,0.0008032482519945,1.116314370104451,1.3763658376828426e-05,4.243302923177251e-05,-2.6620618485408736,-0.6132473901506728,train
152,0.0013736278993828,1.0893548294789726,1.6184329608491346e-06,3.853832911881075e-05,-2.413703634648268,-0.6678743547575806,train
153,0.0007314426056469,1.0500326504521542,8.790869805779559e-06,3.710900107848241e-05,-2.341605549851473,-0.6183226855768277,train
154,0.0009507502860849,1.1019999411675336,2.3474938051709544e-06,3.587939971196431e-05,-3.8585249076437433,-0.5116736942951227,train
155,0.0005403971575384,1.062750750688771,1.2749632026388458e-05,3.829710517433459e-05,-3.708589538877253,-0.5242170334322691,train
157,0.0007000226835701,1.1491355400187069,1.8700597400730991e-06,3.676346854312636e-05,-2.949127216078117,-0.5845312622835703,train
158,0.0010522564824923,1.0909247523612915,6.843486975839627e-06,3.877908511259787e-05,-2.862774120147189,-0.5477756126219132,train
162,0.0008641741995109,1.0384283031938022,1.2756533814818828e-05,4.4261780984056575e-05,-3.637724304914856,-0.4746977352748702,train
163,0.0012128399527391,1.121131913181369,1.4954858948671998e-05,4.294600176092903e-05,-3.337191509191214,-0.4149633724992959,train
164,0.0005687845330245,1.078925401342644,1.127308346873405e-05,4.314739776435884e-05,-3.1015175036167104,-0.4147638576897672,train
165,0.0003697070634368,1.0369287293481857,1.6661948170536085e-06,4.605646090675432e-05,-2.76765134123108,-0.401246679323201,train
167,0.0015081656017484,1.0628399443164651,4.436014409106335e-06,3.575215121682256e-05,-2.1982019361187173,-0.4013910703197061,train
168,0.000658740468599,1.0429492571122232,4.793778859910426e-06,3.748965697883193e-05,-3.8456805960517855,-0.3672268650954674,train
169,0.0013363012880628,1.1367326808124971,5.7061195574739175e-06,3.7354989284845946e-05,-3.481830945152752,-0.3274612411874874,train
171,0.0016691677824574,1.042812735679358,7.89136235655852e-06,3.7260748545794806e-05,-3.0593509140266364,-0.3839318626487737,train
172,0.0006105340328965,1.1526178500288524,2.14109358275418e-06,4.387638455334925e-05,-2.693654272121547,-0.3434023860043948,train
173,0.000848491230114,1.124304089209606,1.4028757506611432e-06,4.261226012688501e-05,-2.492889596388081,-0.3727723356093177,train
174,0.0009866063422104,1.1531467334688128,1.2051496378080446e-05,3.991029004827874e-05,-2.2601839364863108,-0.3896725064017438,train
175,0.0016776534732105,1.1407307812334144,1.266853331267014e-05,3.561172804012749e-05,-3.960161350194781,-0.2531181744010299,train
176,0.0010706969767208,1.1137746519967409,7.59460956309322e-06,4.089362204056306e-05,-3.633262160093124,-0.2349660736382489,train
177,0.0008597648405413,1.018326479783645,1.217041874513746e-05,4.3284205448969626e-05,-3.292908957657122,-0.2814794329420567,train
178,0.0009343310040805,1.1092625765749382,1.2926998528049346e-06,4.425072955309887e-05,-3.0279289770047275,-0.2548768681005833,train
179,0.0016523648250688,1.0354592424283378,1.1395581695238446e-05,4.526735676330749e-05,-2.7848860208196866,-0.2675342651743404,train
180,0.000622405748313,1.0949482023850428,8.040497723919374e-06,3.709208661621432e-05,-2.534421156068443,-0.206898453765699,train
181,0.0009846476236764,1.1234547478154693,4.143668797913295e-06,4.058785266515537e-05,-2.1573066407264943,-0.2057018453184068,train
182,0.0014024204567329,1.0859290044103915,1.4341864566863778e-05,4.492154121847311e-05,-3.7459317619203767,-0.1584601561737621,train
184,0.0006577134454251,1.056571301694065,6.020797829632814e-06,3.983343583877137e-05,-3.2758694796261607,-0.103407189338429,train
185,0.001147082295674,1.1261107406366668,1.1148943559274473e-05,3.7629704907539175e-05,-3.143363399711987,-0.1894227714642091,train
188,0.0003102050495041,1.039790586045263,6.652641011435405e-06,3.7777597040923246e-05,-2.344759131692923,-0.1572972553485287,train
190,0.0014570033056549,1.0852967207442543,1.3478589686313934e-05,3.989676701870825e-05,-3.6036030198463536,-0.0773581130320922,train
192,0.0016360884499518,1.109176940270478,3.989120207451694e-06,4.040759459122799e-05,-2.952811929539532,-0.0836047908147006,train
193,0.0005077251947106,1.13501723842754,1.1872201064576132e-05,4.351017224037264e-05,-2.787983207168499,-0.0312224532548513,train
194,0.0010782352966899,1.0488828692211165,1.196802955658995e-06,4.538988708665817e-05,-2.4864573584773666,-0.0961708053392216,train
195,0.0009235838924914,1.097126747528506,2.2477283878611126e-06,3.959850673854642e-05,-2.3520627353576087,-0.0570484640314522,train
196,0.0015298439502436,1.1170599307772051,4.657204237965815e-06,5.1575895805122247e-05,-3.8945819958702392,-0.6165945920027319,train
198,0.0004736888604672,1.105201527406933,8.736134215820406e-06,4.869408908935073e-05,-3.447481354231768,-0.6705048410759595,train
199,0.001370266210853,1.1483930849971546,6.595804695862521e-06,4.766712381806034e-05,-2.995048259760701,-0.690422920477696,train
203,0.0011183079782628,1.11113619797603,4.013192031864173e-06,4.791358368174835e-05,-3.847783381586773,-0.585372763840891,train
204,0.0007469363382039,1.0539508156883666,2.375555103180941e-06,5.002213777933158e-05,-3.7085946042048494,-0.5478182810672598,train
207,0.0010471403223928,1.0254520409955947,4.621184400957471e-06,5.53730099202971e-05,-2.665301410802589,-0.5692550519741632,train
208,0.0009958070150205,1.1180642570193629,7.255377669159872e-06,5.296538230558661e-05,-2.546834899491768,-0.515194684204456,train
209,0.0008515149432508,1.1437945485896377,1.1036447867746982e-05,5.43732612013713e-05,-2.290270115076144,-0.5436453839339886,train
210,0.0015683583013703,1.0053994218679083,1.5080909824699692e-05,4.898544132656391e-05,-3.78394465002112,-0.4218513851507814,train
211,0.0013467501600699,1.085638281120067,1.1092943037506212e-05,4.8759075939967895e-05,-3.719388794957621,-0.4139997157837273,train
212,0.0007592348168473,1.0230750493545098,5.076703969770024e-06,5.540964965046065e-05,-3.3736965041014604,-0.4327904842618462,train
213,0.0012571157461239,1.152210382071735,4.153218034842885e-06,4.876131669419626e-05,-3.110498162116031,-0.4895296522074626,train
215,0.0012875358045106,1.0447825672308255,1.1740150007083e-05,5.696680355701088e-05,-2.5917827585847717,-0.4938716471888157,train
218,0.000419237640172,1.1299935247554755,6.6250556517070375e-06,5.183967295571504e-05,-3.5918209125399105,-0.3805904949825121,train
220,0.0009559362001976,1.1413980541367446,1.1203196716146252e-05,5.430646867829965e-05,-3.020169916020907,-0.3805301632008488,train
221,0.0006058774469031,1.078697149062934,2.1844808650020104e-06,5.532884627364389e-05,-2.900122751074111,-0.3215351143988314,train
222,0.0013978389930803,1.012944958621318,8.057726700562159e-06,5.637762483032933e-05,-2.480070489249729,-0.3327778656307281,train
223,0.001014497428784,1.0493723908781551,7.087962656143691e-06,5.570120516593291e-05,-2.2718388962565585,-0.3362946893684131,train
225,0.0014355005504757,1.0343633627698992,1.5039757505732272e-05,5.241311602023807e-05,-3.6398412716584168,-0.233684129183555,train
226,0.0009112887253077,1.1459201406149606,7.173514642872884e-06,5.501951882337162e-05,-3.3129896848420928,-0.2287114556129151,train
227,0.0012239582940657,1.152854488410533,3.4292269139435064e-06,5.30610126980842e-05,-2.999262548327424,-0.2975157160191164,train
228,0.0003266602530377,1.0480113330242395,1.4284523704847913e-05,5.629845031844124e-05,-2.6485143055951714,-0.2228953408368252,train
229,0.0008042407615391,1.0849853016423954,5.548387808769764e-06,5.72117618773406e-05,-2.6083461202216363,-0.2770317491929898,train
231,0.0016215590450055,1.1438055899799842,1.0246904684893712e-06,4.911315581108798e-05,-3.9331700061599433,-0.139576551701659,train
234,0.0008419020271526,1.0851873721189929,3.3286081325113238e-06,4.6699584243334506e-05,-3.045840728193653,-0.1455108173325553,train
235,0.0015015709760093,1.0683263730186296,5.6780990397663085e-06,5.46523374112828e-05,-2.8097719466270967,-0.116978215569662,train
236,0.0012742963702466,1.1504161884374025,8.945222845255852e-06,4.921002587493195e-05,-2.600229498130919,-0.1772921615344638,train
237,0.0015270158067682,1.046029951058597,7.35259054112918e-06,4.821139372431436e-05,-2.179330394095002,-0.1988170629782545,train
238,0.000440213654337,1.099811689289726,2.260794333815392e-06,4.807029053870512e-05,-3.856564853621808,-0.0146172151350845,train
239,0.0007456641916573,1.137411591975786,6.362351254841634e-06,5.131557018989224e-05,-3.6631064383066176,-0.0744719609664248,train
244,0.0007408656256123,1.0788097384710706,5.746208537064002e-06,5.568212721025103e-05,-2.130840957262162,-0.0035424980431134,train
245,0.0010280075342202,1.144746170491552,7.47431592196592e-06,6.148640403190231e-05,-3.743303707723305,-0.6772410780407321,train
247,0.000357615888731,1.0826580345801402,1.0623613409556524e-05,6.863338448706216e-05,-3.2924740574579814,-0.6900393105531925,train
248,0.0012260692161011,1.14952694879539,1.0157814144257091e-05,6.217917290582842e-05,-3.086782532253536,-0.6805797823186396,train
249,0.0003255749122901,1.0343016162738292,1.1974930483897586e-06,6.642034062364519e-05,-2.8450846054124064,-0.6001138146530628,train
250,0.0006340162636274,1.140002820325034,7.823095315955948e-06,5.9430429350602406e-05,-2.3869090707718668,-0.6734546403798907,train
253,0.001147279828613,1.1447786739195875,1.3399421843612311e-05,6.607182561123164e-05,-3.678496444423427,-0.586320280728607,train
254,0.0011410400218905,1.1518319245962636,5.343385033921263e-06,6.771937021640866e-05,-3.305964067680305,-0.5240661395128073,train
255,0.0009395086115521,1.0284987541424768,1.4051845465215466e-05,6.09917954537475e-05,-3.0024905985234174,-0.5437129710458058,train
256,0.001092044138165,1.047197115069804,1.4980556513305135e-05,6.143884122140882e-05,-2.851718296396584,-0.5744287459877491,train
257,0.0008266503315646,1.0843381075046543,5.722153932231429e-06,6.575515565599476e-05,-2.6216576256871136,-0.5173203889063552,train
259,0.000477842906366,1.0566593718030677,8.39448915936134e-06,5.9373801607065125e-05,-3.768627888627905,-0.4556732814527937,train
260,0.0015013331779426,1.123009098624532,1.2758376186409476e-05,6.173398423506797e-05,-3.6485312581893417,-0.4281348207886749,train
261,0.0005837817394711,1.0401041802929218,2.985823745938793e-06,5.76823289371164e-05,-3.191044325643705,-0.417080230172382,train
262,0.0009814045418669,1.1152334724599204,1.4380744559286365e-05,6.445277285929877e-05,-3.0339571839473085,-0.4250467853274934,train
263,0.0015722338585964,1.0027199150767585,1.4481417932290987e-05,6.266292306869932e-05,-2.7684864836120338,-0.407857422081084,train
264,0.0003203044257257,1.0686999044838257,4.681110778355337e-06,6.61072477477471e-05,-2.602443623762643,-0.440624951105682,train
265,0.0015137712426625,1.0182970439261292,1.3155722197664574e-05,6.233096799456292e-05,-2.235999171299913,-0.4900959604638463,train
266,0.0003121080688481,1.0262854650761042,7.551073731549325e-06,5.9193749422925735e-05,-3.776972644021406,-0.3239128599978418,train
268,0.000896944509745,1.0648199255665107,8.546675745274989e-06,5.951528955138056e-05,-3.1923759032791463,-0.3351885218857932,train
271,0.0009445117957982,1.1520982325338731,4.377170410837541e-06,6.58433421334397e-05,-2.5964729887261453,-0.3085480231236548,train
272,0.0014421261543281,1.0182242463867623,1.4243170231973751e-05,5.913785747362005e-05,-2.2006069398175745,-0.3109750941412014,train
274,0.0015957007313786,1.0461191162168149,1.3222640092244436e-05,5.77777232692972e-05,-3.570845832970232,-0.2142073025306427,train
275,0.0005500517794416,1.0985234542310227,7.492809911968816e-06,6.652324291674192e-05,-3.394670061430383,-0.2475085368001029,train
277,0.0003440763350119,1.1125242762572376,1.2818580962689624e-05,6.602346597160298e-05,-2.83437915538994,-0.2587031943142706,train
278,0.0016267069129219,1.0652850632560051,6.5421970349379575e-06,5.966950974429926e-05,-2.5331001995897644,-0.2406419717018715,train
280,0.000797153425632,1.0130528597025907,8.20825916509391e-06,6.774997333419833e-05,-3.9613829360790502,-0.1001384696921777,train
281,0.0016601571203776,1.0034203630648315,6.95199887016247e-06,6.824646845797204e-05,-3.481670632555434,-0.1240540390389856,train
283,0.0007999400063581,1.0980204776024542,1.4029332001782985e-05,5.877498356994625e-05,-3.098625681331544,-0.1904796783215711,train
284,0.000839749993614,1.1048369044813953,1.5453410374010518e-06,6.80672504151429e-05,-2.742218046270041,-0.1479368357184929,train
285,0.0014473636373147,1.0373278465890066,2.2831663670327786e-06,6.625929136222053e-05,-2.4802168767940462,-0.1805436627414514,train
286,0.0009202823449189,1.022059579582981,3.874668463479139e-06,6.641408253267455e-05,-2.2139901840089133,-0.1215179247932159,train
287,0.0016684180138755,1.07097006875336,4.448642505061427e-06,6.668673213051487e-05,-3.929988903410157,-0.0823739123024714,train
289,0.0008421686499342,1.0295431180809904,1.469957314084627e-05,6.436360364987507e-05,-3.277043675495644,-0.0857408767719405,train
290,0.0007196445336746,1.0494884239195863,2.643513953336545e-06,6.040820765510212e-05,-3.1347376767781063,-0.0789495163914733,train
291,0.000730118015716,1.07022374677383,1.0093997662536092e-05,6.772571693859682e-05,-2.676907960667869,-0.0818030065487431,train
292,0.0005609791886815,1.056158337458952,1.384097381613484e-05,5.793724772024761e-05,-2.4269762598798006,-0.0429244041986032,train
294,0.0009214540941367,1.007678528601624,1.3908551325659328e-05,7.033024840150474e-05,-3.797343072373145,-0.6965604176316795,train
296,0.0010314872884434,1.0208964482062608,8.343166212226494e-06,7.648088132019652e-05,-3.3260089010739065,-0.6060211122567851,train
297,0.0010130084688057,1.1411229408319168,2.770173508384388e-06,7.878861137342437e-05,-3.1536813418807963,-0.6980154226882632,train
298,0.0012312353964247,1.0290534315823443,7.791225024125807e-06,7.938267149801478e-05,-2.780446748568619,-0.6671127102687594,train
299,0.0006883183755685,1.1209276408904854,1.185176276244725e-06,6.89629231317145e-05,-2.570395653217775,-0.6967140717946556,train
300,0.0013386116867883,1.101375859540057,1.1889098412383346e-05,7.980972814225979e-05,-2.283474707279579,-0.6811811147835549,train
301,0.0003310222665877,1.1088596709259682,7.027654092542497e-06,7.348976595884026e-05,-3.923668079199076,-0.5078804106217212,train
302,0.0013591418621569,1.1092731480470346,5.086263036197011e-06,7.08502441540047e-05,-3.53998762703286,-0.5666035818287367,train
303,0.0012819835652832,1.139176202653854,1.3101411329501496e-06,7.49724215974978e-05,-3.4483063693284817,-0.5333025188683174,train
304,0.001037771813448,1.0033576968588118,9.930619140893986e-06,7.80354132229964e-05,-3.0702306432128887,-0.5599693419860529,train
305,0.0003986486325217,1.0046755532989382,4.585188330170218e-06,7.897536412537132e-05,-2.6890183598150523,-0.5107955573093031,train
306,0.0005479157519118,1.09070729722683,1.3899289178640964e-05,7.615866100765177e-05,-2.491110754659009,-0.5916077311828469,train
307,0.0013551149528968,1.0493613511088296,1.3831840002744203e-05,7.598449212397473e-05,-2.327002235542736,-0.5466541922159612,train
309,0.0005275714049691,1.0108345222556192,9.554846635489712e-06,7.746989902027504e-05,-3.5299263588156053,-0.4314470588751643,train
310,0.0003866918347753,1.0335799625558348,1.243599246637618e-05,7.813628036262389e-05,-3.2351802299680927,-0.4240458080576295,train
311,0.0015708584738934,1.1456082703380028,3.150291733593751e-06,7.518916422406459e-05,-3.1577253042710387,-0.4866180251817564,train
312,0.0010333239271166,1.101026490816292,4.292905158187407e-06,7.300860979777155e-05,-2.8219461340938308,-0.4167203933869986,train
314,0.0013921924614587,1.01364056612056,3.348207357543347e-06,7.942388656198683e-05,-2.272044317393937,-0.402248822189683,train
316,0.0004236353725725,1.1230298128648577,1.2745662045342627e-05,7.004502702285261e-05,-3.632907619944376,-0.3957085188557087,train
318,0.0003560114769038,1.012746546211145,1.4337825388289326e-05,7.962742626978229e-05,-2.9276101089580138,-0.3659854496827705,train
319,0.0004821192634699,1.085485225703089,5.288541712591551e-06,7.472738314824312e-05,-2.7447394304899757,-0.3373283696551226,train
320,0.0014226012849589,1.0710800010593915,1.029736475882018e-05,6.93169511773499e-05,-2.383656513346956,-0.3410135178492923,train
321,0.0009936622074605,1.0619101290882798,1.2810710605632216e-05,6.920027595942116e-05,-2.2732171896444715,-0.3197697468919325,train
322,0.0015980183002548,1.1191454502718483,9.306727316618692e-06,7.200853980495328e-05,-3.929514048142325,-0.2240013149607548,train
323,0.000642649995145,1.0374664519272176,4.305459184078119e-06,7.021493981061461e-05,-3.49581097678826,-0.2286675261000108,train
324,0.0007614229981203,1.0621961312698684,1.3094834563314152e-05,6.898255942047254e-05,-3.3856573920634854,-0.2617174092234314,train
326,0.0012501103464073,1.0008907775262803,7.98044960671293e-06,7.117674325150903e-05,-2.668119440373587,-0.2662845928674912,train
327,0.0008340878644894,1.1144784175783142,1.1393329299431138e-05,7.820280332921139e-05,-2.525116627546425,-0.2620381995367232,train
328,0.000897589604386,1.120006477442828,4.63659554704181e-06,7.905690562740123e-05,-2.293224239528141,-0.234740309538454,train
329,0.0004864018007929,1.0254998494009795,5.16392231727154e-06,7.693393816860456e-05,-3.874379874350615,-0.1545923373038836,train
331,0.0009412874753893,1.0796209094192315,6.530466360059614e-06,7.809511526957325e-05,-3.208270402892858,-0.179386236792697,train
332,0.0013060698796822,1.152783257526445,4.197950944056425e-06,7.420814099289346e-05,-3.031065148316673,-0.1747874354634531,train
333,0.0005482791933541,1.118610623238431,9.263318023871204e-06,7.53203165474409e-05,-2.874186789222471,-0.1204149329708103,train
334,0.0011862825828137,1.0355707261866347,1.3704782130028152e-05,7.719556197349607e-05,-2.606439771374656,-0.1793446495912873,train
335,0.0005985134187973,1.1417124393725873,1.1738975204070204e-05,7.001480684054821e-05,-2.346520803189945,-0.1507770755970597,train
336,0.0010391710127588,1.1001356628139751,4.13905763911783e-06,7.922828108566219e-05,-3.976332808075132,-0.0434049996998565,train
338,0.0012570051710761,1.0370967310329398,5.638535556255799e-06,7.104165038385396e-05,-3.324785491174045,-0.0909484157094891,train
340,0.0010394025078553,1.0835735921389416,1.044765580395613e-05,7.69406655523754e-05,-2.7151080686295286,-0.0249910070174197,train
341,0.0003439786891278,1.0852498373614177,1.126193152996499e-05,7.863398040426262e-05,-2.409293702781425,-0.0554775994389295,train
342,0.0008278635432884,1.08236902944372,1.1345825608305142e-05,7.515020053649617e-05,-2.201246135711659,-0.0570022490616656,train
344,0.0009831138928839,1.0385616713551478,1.888928726683476e-05,4.089789164087164e-06,-3.4895084158999867,-0.6405189154611822,train
346,0.0013162600504755,1.0198054637699323,1.5234162722071667e-05,1.232854360839351e-06,-3.068790137524456,-0.6251383129685706,train
349,0.0004296885952247,1.0524336755267345,1.541063639165427e-05,4.745843410003749e-06,-2.304092783966041,-0.6293631347958382,train
350,0.0014338103122209,1.0587190945421994,2.3978721625551845e-05,6.514013308073117e-06,-3.815320173956599,-0.5194768269123237,train
351,0.0012857704125078,1.0071112035558332,1.8247086616161234e-05,5.766572749234463e-06,-3.678695532086396,-0.5754838469873751,train
352,0.0015718972375869,1.1101556006431652,1.717984541744862e-05,1.1039477075174755e-05,-3.301339039822302,-0.5555400977338616,train
353,0.0006622149517938,1.010519345324817,2.3723351389181173e-05,3.5587144918891776e-06,-3.09998661128748,-0.5829232032552849,train
354,0.0008729070223339,1.1393671212440415,2.5275305352295147e-05,1.9772317278046062e-06,-2.690822524001607,-0.567805328706783,train
355,0.0014174887667213,1.151541777702054,1.8831117037710615e-05,1.5824030785988578e-06,-2.3914101612821863,-0.5250999378641046,train
356,0.0010640894782262,1.051093909521886,2.0117698025141395e-05,9.617796838713703e-06,-2.256319380946859,-0.5301555716212593,train
357,0.0007718385329998,1.0854831618964165,1.6662876695853423e-05,4.131336911369882e-06,-3.739866796406228,-0.4008104014097865,train
359,0.0005369435384039,1.0177062916773654,2.3823633045818516e-05,7.3169050837132705e-06,-3.439050812153543,-0.4664667866626256,train
360,0.0010878875893685,1.074010402510666,1.6500486657092853e-05,5.650239918400275e-06,-2.9769990050492385,-0.403794062615745,train
361,0.0003594611606229,1.0553922496835508,2.350228064508429e-05,8.35985659447301e-06,-2.8726130597564805,-0.425668972744979,train
362,0.0009805157105175,1.0499299539931697,2.6418954903270432e-05,4.23470374804022e-06,-2.5139595370451824,-0.4069033506346969,train
363,0.0005177034308514,1.1481835386272408,2.0231009012480368e-05,8.784087553471456e-06,-2.3014307535168026,-0.4279114333067069,train
364,0.0006204061205973,1.1338682919161516,2.548544490390303e-05,4.851674069690438e-06,-3.861362970313276,-0.3643110540675416,train
365,0.0014217844448474,1.0710249040349509,1.7136368877266043e-05,4.769031737161843e-06,-3.6534116756265576,-0.311445561315208,train
367,0.0007039767964227,1.09075496512587,1.5526764736873643e-05,9.623465483206724e-06,-2.961542628033323,-0.3303718659320427,train
368,0.0016603372575555,1.0198272570969038,2.3982851166532244e-05,6.1989742209101415e-06,-2.7046996112317747,-0.3175607509538632,train
369,0.0003911162601856,1.1311748006339697,2.3283010102630555e-05,5.951644437987952e-06,-2.439384889487128,-0.3253223378874871,train
370,0.0006340166225213,1.0157302213259278,2.5160391747082645e-05,9.099141182619324e-06,-2.2504537119202923,-0.3643452386861725,train
371,0.0016279164760287,1.1047959518984094,2.6431460558430435e-05,8.52558704594517e-06,-3.957381919203913,-0.2278735872100972,train
374,0.0008094375139622,1.1325460934218483,1.7641967495411835e-05,1.1412194578303695e-05,-2.9853801752511004,-0.297114518346745,train
375,0.0012572150320836,1.056230818728596,2.6787069307441303e-05,6.21786874750676e-06,-2.6469364917911906,-0.2919664923377269,train
377,0.0004484302573506,1.107271501243508,2.467142936909204e-05,2.852018215378371e-06,-2.359086018634171,-0.259395969596057,train
380,0.0015352559395991,1.0393080187880088,2.067360545595289e-05,1.1509364296470935e-05,-3.2141080259734385,-0.1664708574386838,train
381,0.0009736370007481,1.0546715393513322,2.241778593820634e-05,2.352617177947602e-06,-3.1256335312215784,-0.1478173979266898,train
382,0.0015780190072023,1.146380674742996,2.0443198731290813e-05,1.1188830868643796e-05,-2.860130377641497,-0.1661612358377171,train
383,0.001400184409314,1.116118276341941,2.5689749657914674e-05,8.42290592658898e-06,-2.536176436623321,-0.1775075448018485,train
388,0.0012477139495699,1.147329786026598,1.640631885559912e-05,2.413522424245443e-06,-3.000543016730484,-0.0438938205959125,train
390,0.0003022921267172,1.0851421598219475,2.1015722600838735e-05,1.1614230578883484e-05,-2.396989559127645,-0.0308083199301244,train
393,0.0007686932791967,1.002749985663359,1.5768951378803353e-05,2.355806180380397e-05,-3.533555130141281,-0.6745364019029222,train
394,0.0015791148876426,1.0738028681298206,2.365317698885262e-05,2.2574025830695534e-05,-3.4009395487572416,-0.6432429056099518,train
395,0.0009764087957431,1.134486580401183,2.056995503833696e-05,1.7716466432423604e-05,-3.032780814536323,-0.68789264646301,train
396,0.0006032749826703,1.0632964113784105,2.5050214257460656e-05,1.5489149583529286e-05,-2.727600236987774,-0.6367523793685651,train
398,0.0003276844357848,1.1009133436330514,2.4983236090591007e-05,1.904086670991719e-05,-2.259299184776749,-0.6546552004443672,train
399,0.0009174137763736,1.1460779148301947,1.9640341393836444e-05,1.2648456080066918e-05,-3.859608185957273,-0.5143660729241396,train
403,0.0010880033586819,1.1129846057330153,1.6560598634804997e-05,2.3245730998712373e-05,-2.7767865729652037,-0.5564312308553819,train
404,0.0009171953827444,1.0524631117724184,2.7357428985016844e-05,1.4647053959361263e-05,-2.482126431358617,-0.5678025139495105,train
405,0.0007474696791155,1.016730813006602,2.8268812230267644e-05,1.988030420000189e-05,-2.353753497409339,-0.5640047619739466,train
407,0.000724355602276,1.1156291395774651,2.5286877018211663e-05,1.65220113495357e-05,-3.53882101030721,-0.4063688966533801,train
408,0.0007092564338978,1.1294188670387342,2.586642333246669e-05,2.119555148951559e-05,-3.23970954801178,-0.4247866717007679,train
409,0.0012275175329275,1.1310155907586656,2.0492932280486943e-05,2.3090945606520015e-05,-3.149960212095825,-0.4782040507834807,train
411,0.0009533769012019,1.0254604701714392,1.7778938162422295e-05,1.814342402931877e-05,-2.568589564055444,-0.475618297003571,train
412,0.0005701848047239,1.1382323678639703,2.613785585381677e-05,1.6077780861550786e-05,-2.307054839078831,-0.4590806562968024,train
414,0.0004764103619952,1.1118569817736803,1.879167941564952e-05,1.844183957095449e-05,-3.726670807845596,-0.324305382155508,train
416,0.0014502400921132,1.0818723062320983,2.8526805538357143e-05,1.842556631391269e-05,-3.119422919195283,-0.3422454569962926,train
417,0.0007810619322778,1.152530439444608,1.7169880391473185e-05,2.109503255154845e-05,-2.6653992773232207,-0.321648851405992,train
419,0.0003852488943906,1.126401957276044,2.5974618265044662e-05,1.609778581228725e-05,-2.2187670665278825,-0.3143183797394244,train
420,0.0014161930731494,1.150251852136941,2.739627554258937e-05,2.146349109412428e-05,-3.959103313004362,-0.2332309533392034,train
421,0.0003468552997476,1.150616584189068,2.6992230570315643e-05,1.3877847204527252e-05,-3.4872961570744483,-0.2078703431712101,train
422,0.0004649228151695,1.0222906381710608,1.965635430018433e-05,1.3336897004393409e-05,-3.3253364732397546,-0.2062003312594886,train
423,0.0009850694246808,1.0312658238902626,1.842960477596962e-05,1.8841865171662588e-05,-3.021461694371638,-0.2704900479345652,train
424,0.0006137633817068,1.133486841896301,2.1536728131180365e-05,1.7115024070536987e-05,-2.665133971087421,-0.2225250164266755,train
425,0.0004798300546989,1.087796092282715,2.0797215838910944e-05,1.5461627956585456e-05,-2.5373245280190417,-0.271490544823956,train
426,0.000355633945881,1.1061933466227778,2.11604573952755e-05,1.281907954249619e-05,-2.338422926701144,-0.2710459950006355,train
428,0.000586747807444,1.0662287167614235,1.7393623909836725e-05,1.257144832963592e-05,-3.53371535435343,-0.1680015624577873,train
429,0.0009118874032804,1.0615746719713992,2.7107213906151733e-05,1.8460754774215743e-05,-3.306817739218888,-0.1699104523536019,train
430,0.0013141392476226,1.0719192668121116,1.916324938148383e-05,1.5470757779941395e-05,-2.93645039600516,-0.1807637688718317,train
431,0.0003718939193217,1.1248547191618254,1.9018760546579047e-05,2.012276305557922e-05,-2.7456492700917425,-0.1811353808213195,train
432,0.0005636953038898,1.023969584621319,1.720256124391324e-05,2.0592227208700603e-05,-2.5303841999744883,-0.1627320481866467,train
433,0.0016555648420436,1.0336491086485649,2.2105814748252107e-05,1.8083202772241638e-05,-2.13139947856531,-0.1123219561807489,train
434,0.0007172833106572,1.0623712614351082,1.8818328974760117e-05,2.104573436185753e-05,-3.890961232414282,-0.0290266648756023,train
436,0.0005278289204125,1.081469192365421,1.977384540860428e-05,2.0272977531853225e-05,-3.2058471991136908,-0.0641500860568884,train
437,0.0007441098979518,1.094798900439905,1.64369003157737e-05,1.405695599882621e-05,-3.0653627070839016,-0.072141952584008,train
439,0.001473819575373,1.1008115107397332,2.2031383549490657e-05,2.1377070958055053e-05,-2.582578236424771,-0.0128758264343978,train
440,0.0004572442383773,1.0289619864502897,1.780636233931054e-05,1.6852605065175813e-05,-2.201893448895848,-0.0340275792628335,train
442,0.0003875102024207,1.0361334248474268,1.858102054650584e-05,3.4800211133687816e-05,-3.719443441843037,-0.6492182966884179,train
443,0.0011390882221004,1.0487292007560909,1.5499605259630906e-05,3.1612940223801005e-05,-3.450162502485587,-0.6451778107258511,train
444,0.0010570726554366,1.044401236727902,1.52354936504223e-05,3.218802261127087e-05,-2.975937690502754,-0.6258034905105372,train
445,0.001215869995442,1.0787097772472278,2.1971557557045208e-05,2.670187303155983e-05,-2.793582380846343,-0.6928990904878274,train
446,0.0005889652458361,1.088359280359284,2.384275561683645e-05,2.8327787225969936e-05,-2.618206897481038,-0.610926060788809,train
447,0.0015603863530153,1.0400340917971558,2.9272000589740988e-05,2.5938966223482576e-05,-2.165196715262105,-0.673496915452917,train
448,0.0005376719148945,1.0439026520431212,2.2256395210403688e-05,3.0873021734355256e-05,-3.962044016961372,-0.5149761951786382,train
449,0.0004986926801068,1.014859600222646,1.9557665208194964e-05,2.7686447864618142e-05,-3.6109087981432753,-0.5420859729732239,train
450,0.0004803120883462,1.097000842347904,2.7363132273736427e-05,2.463535262150657e-05,-3.3868609940995373,-0.5056436376114282,train
451,0.0004283935788414,1.083414217602363,1.8979721372427358e-05,2.7353912826395757e-05,-3.1069696591175697,-0.5981452370728995,train
452,0.0014571543570238,1.1355727972945375,2.9147244690651486e-05,3.218567036930387e-05,-2.8308097915586745,-0.581421231160298,train
453,0.0012095930416519,1.0711848998478986,1.7182960112499103e-05,2.52046097586281e-05,-2.615538002228459,-0.5620419185012713,train
456,0.0005933495041558,1.10156638324055,1.8884077187076952e-05,2.9428649946976047e-05,-3.672187406161454,-0.4000856074734319,train
457,0.0012250896735844,1.0600286347614314,2.4759853120634207e-05,3.158448530499479e-05,-3.4192535617991013,-0.4853869163668695,train
462,0.0005613659883159,1.1371423718066935,1.7536021017045224e-05,3.352259982272187e-05,-3.870198567439962,-0.2998176690716579,train
464,0.0016669022159104,1.06664540132423,1.8220011734538175e-05,3.3377300628972314e-05,-3.3267720819536044,-0.3177800739234234,train
465,0.0006627381489726,1.0034606810753213,1.96497205579394e-05,2.408732893592252e-05,-3.1596874399744443,-0.3310487901243855,train
467,0.0004411317891416,1.0729623355006723,1.8885153560416125e-05,2.657031734973316e-05,-2.576580508540128,-0.3630662492236491,train
468,0.0007875341335994,1.0641715989885652,1.8098912845328127e-05,3.476970312316374e-05,-2.1357523859953838,-0.3751394948717434,train
469,0.0004812611351572,1.070725205628957,1.779515806861893e-05,3.339791565422423e-05,-3.8965824236004503,-0.2848921633369057,train
470,0.0012758398045794,1.126561884337845,2.881927775149952e-05,2.7286741067059805e-05,-3.621971636502124,-0.2340764317412788,train
473,0.0012468044696727,1.1284340140497786,1.5842270353930705e-05,3.1319349282760934e-05,-2.799872490736978,-0.2659175042243815,train
477,0.0013564016672452,1.017662132788973,2.638263503301461e-05,3.1293082943591604e-05,-3.7099898442339327,-0.1911794537437423,train
478,0.0011810335910587,1.0995619860973358,2.2383319859857156e-05,2.870642878416036e-05,-3.4372029647568123,-0.1700342875314351,train
479,0.0007456150189515,1.1086562695637965,2.1152644096939213e-05,3.4333241406134033e-05,-3.112966224293919,-0.1062824816786855,train
480,0.0014258921425917,1.0922359037666896,2.533108749487699e-05,2.7358955895823028e-05,-2.805019648401737,-0.1197964399438983,train
481,0.0012377758623729,1.1137752008512416,2.8127040986108493e-05,3.050192600842394e-05,-2.6337015609813204,-0.1117626696881188,train
482,0.0005405503168815,1.1453861845281372,2.1629558018035837e-05,2.450464088405936e-05,-2.154708397213004,-0.1776940342522298,train
483,0.0015069293968955,1.1327993709582211,2.3789298441979075e-05,2.94702028480482e-05,-3.956178308084098,-0.0259463751868946,train
485,0.0009169367681133,1.078213259061145,2.7757246137715253e-05,2.4237409854763252e-05,-3.3400271130170736,-0.0964395036344106,train
486,0.0006314168930784,1.1039547362926725,2.3481935071328182e-05,2.55344889271432e-05,-2.932811680642616,-0.0508068387220389,train
487,0.0015261333887505,1.1360676434594048,1.5562471003221967e-05,3.0179814692959084e-05,-2.7758925967011754,-0.068703841310347,train
490,0.0006521141066531,1.0595727281032972,1.963391334618686e-05,4.492820170321709e-05,-3.9803914292224594,-0.6042691458989246,train
493,0.0011959964365759,1.1232947206746338,1.920779109201699e-05,4.257909475441841e-05,-3.0013142884643504,-0.6280441858022386,train
494,0.0003451827291091,1.0325052210510182,2.828804169450568e-05,4.267886680952454e-05,-2.7909934778006016,-0.6044048965860979,train
495,0.0008556538571984,1.0370022186393717,2.5116201461595038e-05,3.644542021598962e-05,-2.4792005952207337,-0.6257849944301211,train
497,0.0008036828093168,1.0235250586752382,2.802845172180545e-05,3.770855149220728e-05,-3.8070364299810686,-0.5644501656780647,train
499,0.0010760660765414,1.0063466584058407,2.02056033461744e-05,4.299906583038516e-05,-3.3916195712397625,-0.501505858853751,train
500,0.0009419010110423,1.004813925245307,1.9293709120575952e-05,4.4953772067236825e-05,-3.1338705878620527,-0.5324158854614248,train
501,0.0012535337040489,1.0662673445613338,2.726882136522009e-05,4.55189994595937e-05,-2.730714263106559,-0.533509725821876,train
503,0.0007376452275322,1.0855420205351682,2.1678086946661003e-05,3.606414651486748e-05,-2.3671182019554218,-0.5381869369178596,train
506,0.0007976728209326,1.0130600478490903,2.564642858849557e-05,4.056886249154627e-05,-3.3725465177051173,-0.4762710960523801,train
507,0.0006668543101742,1.14424331201943,2.2272650789663044e-05,4.179937881167702e-05,-2.978978825932525,-0.4680150689882589,train
511,0.0004979016347072,1.1478410626481428,2.1692511334876657e-05,4.52645065740514e-05,-3.910297805489651,-0.338054608120616,train
512,0.0016322578407213,1.1017596361604884,2.59768535048176e-05,4.095216539296416e-05,-3.5950742071651702,-0.3440778551032725,train
513,0.0015006555128807,1.1310843208776684,2.3731008973343756e-05,4.223874932456472e-05,-3.380571355471188,-0.3728070095361422,train
514,0.0005739796097643,1.1371791134652114,2.4013861763227647e-05,4.323624139687312e-05,-3.0488373819209698,-0.354584770388247,train
515,0.0007279112615883,1.0384074224927526,2.602395355356393e-05,3.990085766535365e-05,-2.896764307698555,-0.3321628064169977,train
516,0.0006792428054722,1.0653749775689003,2.742879121347139e-05,4.133582215993871e-05,-2.3874384684421304,-0.3392028370374343,train
517,0.0016186470114061,1.0540092724506471,1.5408835811199587e-05,4.164501224281908e-05,-2.112830029449474,-0.3122446246819521,train
518,0.0007968792537156,1.0442180629357236,2.6807931270085094e-05,3.681094029125723e-05,-3.941324770318812,-0.2831562624381403,train
519,0.0012353214516507,1.0282220120080003,2.7327574283127666e-05,3.939204173920125e-05,-3.640742042815991,-0.2688037396095873,train
521,0.001012000299015,1.0505459810151403,1.5463114336364708e-05,3.749046475169151e-05,-3.1324337547589933,-0.2256557916012552,train
522,0.0007077954326885,1.1218578132947703,2.6406711993695373e-05,3.684034053196626e-05,-2.856395296058243,-0.2442983240503132,train
523,0.001324499500969,1.1136162084318135,1.6276560334028015e-05,3.87862263231289e-05,-2.5720574433856287,-0.2027892915463486,train
525,0.0008464312539793,1.0950574967690123,2.70781745341965e-05,4.199139913501016e-05,-3.972367551241856,-0.196231221309953,train
526,0.0015891245079155,1.114828302039925,2.38144607655506e-05,4.305822283344306e-05,-3.643068107909671,-0.116703446305008,train
527,0.0012473803302719,1.0916118108783697,2.8183042402544117e-05,3.7481740533537136e-05,-3.2080533922093326,-0.1056045814343307,train
528,0.0008009813191708,1.1107079160159428,1.7605889403121557e-05,4.510670448662035e-05,-2.9760357750252417,-0.16126529339575,train
529,0.0004044078136947,1.0390274023215105,2.456411492043124e-05,4.582618073953737e-05,-2.7812377900229657,-0.1569291161577516,train
530,0.0009200276753047,1.1027241642856331,2.4773294189258645e-05,3.901634031140013e-05,-2.44806018038548,-0.174005003918048,train
531,0.0014406121478057,1.104449581454784,1.9039936192891197e-05,3.895342104371744e-05,-2.2859926451715604,-0.1971960167117134,train
532,0.0006712824981863,1.1000421779420293,2.0957407917406992e-05,3.549213843687379e-05,-3.75919517488418,-0.0262164218006501,train
533,0.0010215026447944,1.0247204773968683,2.643149515258122e-05,3.963668933820031e-05,-3.533060695186609,-0.0796204793859833,train
534,0.000419714937949,1.0322529375354843,2.503678872757821e-05,3.572249423752349e-05,-3.442448267704548,-0.0718032110645719,train
535,0.0007547125161271,1.0049059764388353,2.526429570478644e-05,4.034945519044675e-05,-3.075988977208413,-0.0506928909842185,train
536,0.0014056032081553,1.0430000610282546,2.426991076347064e-05,3.554165431298676e-05,-2.7848236122144625,-0.003205543266768,train
537,0.0015301870329216,1.092461077895872,2.0409864203703784e-05,4.4487916386653615e-05,-2.540477430173597,-0.02378120112404,train
538,0.0014574486615266,1.152617684209574,2.3075338585316087e-05,4.582169582685923e-05,-2.12862765385664,-0.0528988484063586,train
539,0.0012084799506306,1.1059412757116789,2.436736274759369e-05,4.8913395722502026e-05,-3.972757987885144,-0.6833086953579821,train
541,0.0013128657137597,1.0947064390489751,2.1977439568472963e-05,5.173454914025331e-05,-3.292989221050602,-0.6097248007020775,train
542,0.000894387389128,1.0711815956921031,2.608695298415715e-05,5.4878096051421786e-05,-3.104822110810442,-0.6385148894097533,train
543,0.0004648186033242,1.131866456782702,1.8550505255703067e-05,5.153790229993131e-05,-2.706119411286813,-0.62592823766712,train
544,0.0008843895921811,1.1139674931353607,2.773598644465453e-05,4.8228218063559776e-05,-2.562941832386689,-0.6876701081241956,train
545,0.0005272559680776,1.0688795034758134,2.9194470783173776e-05,5.071614854188795e-05,-2.3017470791705,-0.6714283052921417,train
547,0.0011335515905933,1.00343654503509,2.593135072677601e-05,5.559508426998876e-05,-3.7093231190643343,-0.5294468248041331,train
548,0.0010353319495356,1.140023607194813,2.5786335853313137e-05,5.6107969297299336e-05,-3.284396423574341,-0.5083441777383787,train
549,0.0004543420321265,1.0189230104601847,2.785070670721685e-05,5.295458396539789e-05,-3.061272529087264,-0.5409889253878116,train
551,0.0011997932563621,1.1319594635522658,2.051809923155226e-05,5.3394207337950354e-05,-2.566555995747152,-0.5112182596018832,train
552,0.0013921566723681,1.0456725279812578,1.976959733522489e-05,5.404728076917432e-05,-2.3515721258180773,-0.5255023993119261,train
554,0.0016177459450619,1.0428755875537223,2.5056423803435158e-05,4.828093463112304e-05,-3.551464188853084,-0.4762315642920005,train
557,0.0004009381316922,1.0187181610976463,1.8250356040419467e-05,4.684879719589346e-05,-2.6732926211139008,-0.4278179728453767,train
558,0.0005836120343732,1.1345644287232646,2.1217943486289943e-05,5.654988666060621e-05,-2.5945262214184184,-0.4275745467521633,train
559,0.0013800922136284,1.0076626718597814,2.3886362006789703e-05,5.62161384447052e-05,-2.125764163599437,-0.4054799941122494,train
567,0.0006149333814802,1.1224462831612312,2.4537764840195883e-05,5.3688464753626126e-05,-3.9919409420051046,-0.2287757795989456,train
568,0.0011539105313295,1.0943294310406857,2.2603191247617152e-05,5.452272207958837e-05,-3.681439626783377,-0.252087462095951,train
569,0.0013884982952887,1.1263698803845277,2.321385312553268e-05,5.263934611476816e-05,-3.2589735978082857,-0.2908673728590766,train
570,0.0011272932423405,1.118961634461149,1.7677881400337695e-05,4.8044771416246165e-05,-3.112384876301103,-0.257816067549953,train
571,0.0004438827315479,1.1417364736588882,2.361646847740586e-05,4.901923414409518e-05,-2.844891259876935,-0.2575137940019162,train
572,0.0010977799417982,1.0011994424407578,1.8632072969079672e-05,4.830847508243034e-05,-2.462453208585595,-0.293398390620061,train
575,0.0008638717380045,1.0209225083126898,2.4669144409569267e-05,5.402834724614844e-05,-3.457208463238107,-0.1667348518538709,train
576,0.0010246464527228,1.0775980976192692,2.6312202771754436e-05,5.47036603377361e-05,-3.317715343039941,-0.1186345119026902,train
578,0.0012306134241186,1.102541143770276,1.6067696589806196e-05,5.521923890465477e-05,-2.856899025216072,-0.1564720118070535,train
579,0.00098768026291,1.05407979811728,2.766107805410192e-05,5.46869067485779e-05,-2.41888295533317,-0.1777166141374889,train
580,0.0010256527069995,1.034926535749906,2.340505862548829e-05,5.674177338089115e-05,-2.3518468234523806,-0.1795060861557992,train
581,0.0010873686090265,1.0850404192788443,2.4595485356577348e-05,4.917706208751929e-05,-3.8647044930475487,-0.063137954371039,train
582,0.0010909636318518,1.1032257324954744,2.779454812532641e-05,5.687351021299219e-05,-3.688237393704188,-0.0717826065898189,train
583,0.0005874072386066,1.1320183026732915,2.2237761500083145e-05,5.332876120662359e-05,-3.434031715439652,-0.0758256047733634,train
584,0.0005126954265795,1.087932477900329,2.152435325730541e-05,4.996529359785448e-05,-3.1038311149058067,-0.0481177477845752,train
585,0.0013984732937313,1.1011851863108897,2.582658722027123e-05,4.952422498595791e-05,-2.676121189960599,-0.0669131245215888,train
586,0.0015230599259018,1.0143117051040915,1.8649952158338157e-05,5.512726963689993e-05,-2.400675118346778,-0.0586801093191842,train
587,0.000425184972119,1.0722320873674855,1.7500176522376518e-05,4.8433297314080285e-05,-2.137845946108599,-0.083607429072239,train
588,0.0008388083785283,1.094549048360729,2.7300258043813466e-05,6.31974201316299e-05,-3.824499421309053,-0.6105152495601915,train
589,0.0012884690561686,1.117375293413318,1.6720670052323382e-05,6.854523567806075e-05,-3.613562182586714,-0.6426088135215,train
590,0.0005961304122116,1.0629128657803182,1.9960125980831004e-05,5.879123156976386e-05,-3.4378406803787933,-0.6314595451109593,train
591,0.0010793229034685,1.0674172946708589,2.3719936949785272e-05,5.761472779637335e-05,-3.176422964005678,-0.6925108156060423,train
593,0.001308899139029,1.129854991546582,2.083717234731487e-05,6.777663480937458e-05,-2.558934473507409,-0.6698228035561139,train
594,0.00154171656589,1.0470064453522436,2.8767003808048343e-05,6.783348796939307e-05,-2.3217333882885223,-0.6608600935968922,train
595,0.0016647369929674,1.0432105810819472,2.0312509502528392e-05,6.28051622440447e-05,-3.784222386840274,-0.5597822894532475,train
596,0.0011778115354477,1.0976567493762466,2.7896705563286245e-05,5.923578926810887e-05,-3.5800441340707354,-0.5051902035798221,train
597,0.0011758872448001,1.109522448613974,1.6624254364609114e-05,5.883664233143737e-05,-3.4303861393279567,-0.5104589289943338,train
598,0.0007517211475602,1.073778330219891,2.2210309720200183e-05,5.863747249468993e-05,-3.021340398237326,-0.5968964163565004,train
599,0.0015694035574717,1.1383002672380775,1.89094950453229e-05,6.813952580523111e-05,-2.7971095916995363,-0.528845369281597,train
601,0.0016438662151586,1.1127477554407783,1.907437370513515e-05,6.824600389508023e-05,-2.1900953279189297,-0.5854038214505273,train
602,0.0014293552168893,1.152199160692911,1.549784424326921e-05,6.308854483577037e-05,-3.865979117379109,-0.4762759065514414,train
603,0.0005429911422577,1.0474817054074672,2.922260102583614e-05,5.949398187786333e-05,-3.706600921853806,-0.4549172926745428,train
604,0.0007518047237296,1.11030430593636,1.8701547545000472e-05,6.426928677674045e-05,-3.336296335419854,-0.4358855352450428,train
605,0.0003650106201189,1.0943906490879425,2.874900724817843e-05,6.569432517194513e-05,-3.129690935062859,-0.4364498034356677,train
606,0.0006829682887783,1.014781624972242,2.259804908937888e-05,5.989507086664483e-05,-2.8338688717888507,-0.4131542463710554,train
610,0.0008141785621172,1.1031242081815846,1.7532675965262508e-05,6.69029284245788e-05,-3.4609413404744296,-0.3350344624852364,train
611,0.001408705312829,1.0698039697840065,2.665689947445324e-05,6.167965115807478e-05,-3.31693840292413,-0.315349200435016,train
613,0.0016589653758753,1.1153250320740322,2.2275829348834125e-05,6.638445107252028e-05,-2.7631728817828507,-0.3881575666609993,train
615,0.0013365599887489,1.1529549095620366,2.309978407189178e-05,6.728432435607782e-05,-2.173114317036102,-0.3085633367768225,train
616,0.0011775050515337,1.138687048954686,1.7068988406216746e-05,6.359870533147943e-05,-3.73165043245622,-0.2279149251575887,train
617,0.0014816482665374,1.0501216454437774,2.5703878380597527e-05,5.804125303065841e-05,-3.533575683414953,-0.209966842830279,train
618,0.0009128971632231,1.069227530806133,2.415856364144756e-05,5.976816363667439e-05,-3.3397880594894067,-0.2026614418865711,train
620,0.0009648309735285,1.0037564660532674,1.645623897860261e-05,6.827770059944326e-05,-2.8225955871232937,-0.2551370200267132,train
621,0.0013591059212627,1.1289791627180312,1.8579414658704985e-05,6.0415337543488864e-05,-2.3965199879035595,-0.273010216641229,train
622,0.0007126675042828,1.043774943298903,2.4398375096001737e-05,6.746751476615671e-05,-2.2148783461585198,-0.281055947232206,train
623,0.0012845730319676,1.0801965017014676,2.453782598445788e-05,5.7476604476670585e-05,-3.821886866102455,-0.1374947752183763,train
625,0.0005578547373972,1.1348122050140683,1.8388025570908286e-05,6.415037030401705e-05,-3.3212260318105327,-0.1606232811840124,train
626,0.0011568094902069,1.033771807736934,1.914608080590309e-05,6.725868898707804e-05,-2.9960770443095277,-0.1342464232038672,train
628,0.00157922994622,1.1521110746246186,1.576983479543017e-05,6.238450473458012e-05,-2.6086792155080123,-0.1513755353865668,train
629,0.0003583877043098,1.0498228060990409,1.7454035495317778e-05,5.805407555483186e-05,-2.1216756910014327,-0.1398451902022046,train
630,0.0007475640010632,1.1514924608581645,2.8079788812175463e-05,6.081136606962356e-05,-3.8358173336737127,-0.0752933083470203,train
631,0.0007011104959874,1.0603180368256395,2.325614996410944e-05,6.150222967991554e-05,-3.636380555431584,-0.0580581575630821,train
633,0.0014062809248583,1.102793552531892,2.8920118800679168e-05,6.023263669306288e-05,-2.9869539072450912,-0.0238725842906358,train
634,0.0010536690902282,1.033255062873458,2.828790576197557e-05,6.569446555533591e-05,-2.6762501314650704,-0.0973324361375315,train
635,0.0010058520967668,1.0899356874580004,2.2790926026411724e-05,5.798390395502159e-05,-2.564288145511828,-0.0624684809602895,train
636,0.0015608950726209,1.066414193894751,2.770818910330291e-05,6.119839614307553e-05,-2.107981199312713,-0.0884501352046001,train
638,0.0012823310271177,1.119694563306029,1.5600311567793737e-05,7.252610410425875e-05,-3.542162299620081,-0.694437032337883,train
643,0.0015429151522556,1.151822412409763,1.5979857354670352e-05,7.027849745221579e-05,-2.2706293747489887,-0.6678791961429181,train
644,0.0013439844471597,1.0551685497121914,1.731198573827628e-05,7.47696038598474e-05,-3.9929223140323424,-0.594945651019182,train
649,0.0013969967056925,1.1334987270301873,1.5710300298540012e-05,6.899692256219549e-05,-2.400796873566532,-0.5540654557907561,train
650,0.0007319494770878,1.0034680774497955,2.361660519557377e-05,7.954765140492994e-05,-2.118998224836482,-0.4993637820798878,train
651,0.0004934296266677,1.019420758552278,2.1117895548679964e-05,7.169430446789988e-05,-3.768724867796224,-0.4469218078814889,train
652,0.0012147400594636,1.0020806999759972,2.6465121610413574e-05,7.143937262914167e-05,-3.541645284056686,-0.4859923245039402,train
653,0.0014944217246637,1.1228505165821123,2.5547913917142503e-05,7.46487630873446e-05,-3.203805754256399,-0.4500524159458056,train
655,0.0009603506173209,1.101694936828432,1.7077544469728522e-05,7.842229277969071e-05,-2.9037076045069443,-0.4393352306692513,train
656,0.0007320019351232,1.0637643950190567,2.0587093963819986e-05,7.590787441373694e-05,-2.3801659026158704,-0.4324148887172639,train
657,0.0012832545364755,1.0162132384711546,2.0252406869271925e-05,7.151750917106108e-05,-2.363645963155955,-0.449576945271614,train
658,0.0005296069756282,1.0623298854770005,2.2013388842733725e-05,7.84742954919502e-05,-3.9409218722375097,-0.3689744740099642,train
660,0.001413713019447,1.027859755480939,1.6843872568774438e-05,7.332946487268569e-05,-3.3426470056905546,-0.388493036379285,train
662,0.0014895159651145,1.1461082928616968,2.127267483413455e-05,7.859225784532023e-05,-2.775227909021232,-0.3295752861265373,train
664,0.0007159903971006,1.0996584396769842,2.7737301417040608e-05,7.087079124571823e-05,-2.310973373879064,-0.3643689495248174,train
665,0.0014118548195853,1.0177717361530632,1.532914446861056e-05,7.118673815490195e-05,-3.8719085592436393,-0.2823032193026004,train
666,0.0015441062228204,1.0034951887301542,2.4203886604024733e-05,7.503199129138523e-05,-3.561781221371757,-0.2011705584930861,train
667,0.0003990261636898,1.007069527320548,2.599837912948605e-05,7.568487354100586e-05,-3.4236526845708557,-0.2496279472913588,train
668,0.0003754264458749,1.1244234827900683,1.5626876820776456e-05,7.069176393346119e-05,-3.1642847394624667,-0.2405291147508644,train
669,0.0004380105724353,1.0520993747660343,2.1589544262874203e-05,7.805485641615667e-05,-2.742353361354333,-0.222581642799466,train
670,0.0016800564359099,1.142529049717963,1.7390698416667952e-05,7.005485987360745e-05,-2.3853652347784178,-0.2183082713981179,train
672,0.0003626643268319,1.132684537975052,2.1389687946860263e-05,6.944196105708054e-05,-3.976266289057658,-0.1427106933802447,train
673,0.0006286853566933,1.1418022995110158,1.877784407410327e-05,7.498886588132024e-05,-3.618503992941691,-0.1457189581075217,train
675,0.0014858196374752,1.0798728887384632,2.357562209600392e-05,7.231749635161743e-05,-2.9616125342690665,-0.1209189252942019,train
677,0.0015500798960452,1.1322968520763603,1.5646274589271462e-05,7.279847267362809e-05,-2.5165175946103973,-0.1689649786511458,train
678,0.0012738747729208,1.093735050589669,1.576168760698908e-05,7.424484821757988e-05,-2.254997001051287,-0.1814976962020928,train
679,0.0004381399474063,1.138501604324865,2.4781739189046123e-05,7.319532626654534e-05,-3.747225711441592,-0.0664824979487037,train
680,0.0005480037102658,1.0739962581119855,1.779295848351996e-05,7.177402325733675e-05,-3.671738775713285,-0.0229727617036748,train
682,0.0014252159180096,1.083297103687591,1.531556720335177e-05,7.332701936211444e-05,-2.972305886336779,-0.0708909929658061,train
684,0.0014218845299261,1.1452505395221733,2.4134864061058688e-05,6.91131887320293e-05,-2.4502813417714053,-0.0169779046186566,train
685,0.0005268465299451,1.10278990607248,2.483797215025299e-05,7.432030862319447e-05,-2.2665109167191275,-0.0426532076431669,train
687,0.0011649811717931,1.0854919621697283,3.296388125517864e-05,4.296704601338684e-06,-3.689862905165333,-0.6474959470574095,train
688,0.00051599242334,1.0034091177549669,3.3665794076602355e-05,8.957677156213615e-06,-3.3680997691935124,-0.6655009651119336,train
689,0.0015640225310498,1.094493861295483,3.5117373562204474e-05,4.530838770709617e-06,-2.917251460213243,-0.648082425948997,train
692,0.0006282954148125,1.0228026747437549,4.180803535536708e-05,7.250619627310324e-06,-2.205639604160147,-0.60102284825942,train
693,0.0010462881697962,1.018177237477509,3.94158300277764e-05,6.901330061422527e-06,-3.982425409207432,-0.5089985650900637,train
694,0.0007091363513373,1.097209818341721,3.665726605101165e-05,3.483209640784437e-06,-3.673415321728916,-0.5115363097692908,train
695,0.0003716795243753,1.1057628509884896,3.728309438307313e-05,9.571772284430996e-06,-3.1997057983569808,-0.5888662315179558,train
696,0.0006963368966157,1.120519619282396,3.5755505153111106e-05,5.711752594585548e-06,-3.023034554773416,-0.5180644338861076,train
697,0.0007817485620324,1.0057470082085156,3.094854412847131e-05,2.0675777209193437e-06,-2.711393715066992,-0.5418884114844543,train
703,0.0009488641158588,1.1197181586835472,3.5858857983524865e-05,1.0577733427333149e-05,-3.08961546578781,-0.4170232089104582,train
704,0.0016832737392584,1.008486128073804,3.716895025865073e-05,6.200754941230667e-06,-2.830699079758162,-0.4215794355455687,train
705,0.0009801464123939,1.1035086385563826,3.587957516641626e-05,8.31133360428912e-06,-2.4749703778497496,-0.4973232121802738,train
706,0.001105788460548,1.1150276057019324,3.412987617151089e-05,4.075533127312223e-06,-2.1356937440445334,-0.4297484498409928,train
707,0.0010877975017263,1.1252162303727706,4.272779351886776e-05,7.85320740945361e-06,-3.7768219764496767,-0.3490462015702178,train
708,0.0012684178217403,1.0502395695040785,3.213611481180804e-05,4.790441675236028e-06,-3.689178736445994,-0.3045521265497792,train
710,0.0014131921695706,1.0996083121241476,3.2164469341843086e-05,9.722742203585064e-06,-2.9877198909423752,-0.3908343201024085,train
711,0.0005954855344848,1.0148619470625613,3.3398101432366685e-05,5.080596592953019e-06,-2.897381348369966,-0.3797721116700147,train
712,0.0012179040131253,1.1527378076042778,2.9389766443866767e-05,8.795017872484744e-06,-2.472468549650245,-0.3827691249572967,train
713,0.0004155674881292,1.114123071163363,4.226173328472196e-05,5.245748190391458e-06,-2.208655710539928,-0.3338399448507138,train
714,0.0009808600410717,1.143700438305159,3.190287834972407e-05,1.02978029262009e-05,-3.9348553331015945,-0.2715148356493437,train
715,0.0014449049606912,1.055888188818862,3.935011821311999e-05,1.1482857496046757e-05,-3.718274579816813,-0.2028686503677785,train
716,0.0008956684277456,1.0902675968394224,4.338324030178436e-05,4.924216425249233e-06,-3.3055156249068616,-0.2346704739956013,train
717,0.0007829161074861,1.0924908080749525,3.514555096133251e-05,2.9555919070913047e-06,-2.942079688418148,-0.2194972904737511,train
718,0.0003084185346378,1.1439247610838743,3.003827871742668e-05,6.009314237650982e-06,-2.6475230256020685,-0.292501667779429,train
721,0.0016723402460137,1.0130264229937755,4.212538787649989e-05,7.055882537222945e-06,-3.8528242100455192,-0.1602864629618152,train
722,0.0003911570348226,1.053356241661156,3.5354474318082594e-05,8.792536988399967e-06,-3.538298848558003,-0.1176202008628441,train
723,0.0014844273940629,1.0881494583261937,3.981069188044329e-05,7.120642551787103e-06,-3.1992471179428854,-0.1442519595679399,train
728,0.0008810661270687,1.1012136381924646,3.890149438046464e-05,3.020290947001862e-06,-3.900702736341773,-0.0822853982636567,train
730,0.0005640682729515,1.1442630511845655,3.9536304801995616e-05,6.729190178952663e-06,-3.220958446056075,-0.0406831479124788,train
731,0.0016083841224874,1.0916251504349654,3.730302203398846e-05,7.578629211740196e-06,-2.9193570289892543,-0.0373567535768195,train
732,0.0012602299039539,1.1093443131606482,3.819132437197098e-05,3.59720687599743e-06,-2.902877078202124,-0.0529649542699039,train
734,0.0006042233102739,1.1391358513010306,3.050046090306776e-05,2.693567608835943e-06,-2.309079350795419,-0.069592393591,train
736,0.0014354578596008,1.038181292312892,3.238823411345517e-05,1.5892992133508615e-05,-3.470823632481458,-0.6579606759336001,train
737,0.0015898246745807,1.0807526598607535,3.701024000139937e-05,1.7791962363930475e-05,-3.342982070460139,-0.662528144924823,train
740,0.0005080641638937,1.148360164839151,4.115214202877978e-05,1.6471536466650913e-05,-2.507703044102868,-0.633392736091897,train
741,0.0011188794531242,1.116926028915861,3.5217843667599905e-05,1.5798390037452894e-05,-2.1141710167955194,-0.6008322155918678,train
743,0.0003315038433042,1.0771422389051457,3.85340122648276e-05,1.72195080662472e-05,-3.5731978174595147,-0.5161708393056705,train
745,0.0009719633608306,1.078242743808584,3.0392367180459147e-05,1.2395201987377015e-05,-3.0591458884741227,-0.5731985617646792,train
746,0.0005883555256695,1.0595271799259252,3.246338965954471e-05,1.6208054101885896e-05,-2.8994703532781845,-0.5068240760035815,train
749,0.0009074296992023,1.0773171108194763,3.348121807112284e-05,1.835132626260917e-05,-3.828933599940015,-0.4565583782128442,train
750,0.0003985412048239,1.0916964452795426,4.1223708283663946e-05,1.932691694147141e-05,-3.6708145329853865,-0.4891770633094708,train
751,0.0012439633298341,1.0545749716574184,4.108766684438447e-05,1.3251230250721566e-05,-3.275816671606175,-0.4162681677044092,train
753,0.0007658079874968,1.0446816327283588,3.718918227908699e-05,1.4253143681317151e-05,-2.7280483412278738,-0.4101330741256472,train
754,0.000560947431877,1.0605612329464598,3.4289781074075735e-05,1.5503554099553994e-05,-2.6207450851637915,-0.4429212139184527,train
755,0.0014971613039195,1.06185851436086,3.236651141329701e-05,1.790365373353136e-05,-2.34991006284382,-0.4244816981813561,train
756,0.0009806618663182,1.1184810350599996,3.248594846878573e-05,2.015096220048289e-05,-3.747215023643733,-0.3211638546429447,train
757,0.0004410983300957,1.0697756122290265,3.172274202329595e-05,1.3521552440094794e-05,-3.546851370439416,-0.3868191947904756,train
758,0.0008634524913441,1.0113537642616213,3.0884363741432554e-05,2.2838535402142265e-05,-3.3806487113869794,-0.3039542491663224,train
759,0.0006312954667513,1.0773103504468071,3.353149677255659e-05,2.074940244374299e-05,-2.935463371514412,-0.3827865084205301,train
761,0.0006302072263227,1.0810436696273733,3.2199658921412504e-05,2.0106583066166736e-05,-2.619253715522544,-0.3333190015117871,train
762,0.0003307568670295,1.1063201869201529,3.5053522928621816e-05,2.1869318814411516e-05,-2.352131984133641,-0.3437598624320871,train
764,0.0015653905524202,1.0731590674703568,3.816743161067017e-05,1.933852304830452e-05,-3.5774940766664955,-0.265046053875851,train
767,0.0007118980977037,1.1037088078876107,3.358005397280939e-05,1.4864210157679393e-05,-2.679039426282812,-0.2407710342217308,train
773,0.0003081146300071,1.0217008956113574,3.159637752574792e-05,2.338545717067079e-05,-2.9596336007593247,-0.1788386128150231,train
774,0.0007997759780182,1.0782606407132884,4.093394395054135e-05,1.542600137923656e-05,-2.754931746546516,-0.1556854423730095,train
777,0.0010429280150784,1.1128004808858332,3.45333241258673e-05,1.950011206941086e-05,-3.810642713142776,-0.0721052310404759,train
778,0.0007695184134719,1.0337465162015669,3.4086906381176126e-05,1.2384951070630756e-05,-3.5512619145282343,-0.0798353483754276,train
780,0.0012792751353906,1.1153865952750264,3.86359161980676e-05,1.6798121946997616e-05,-2.9877810730573726,-0.0763062353923673,train
781,0.0009116761230085,1.100275252158553,3.9357869907077344e-05,2.1523288111078733e-05,-2.7939174218089557,-0.0495466384090943,train
783,0.0015243989198721,1.090973519897582,3.0056525160811625e-05,1.9692058604301517e-05,-2.208360576473112,-0.0286901300316833,train
786,0.0006075220047145,1.149944374947867,3.873699238665862e-05,3.370643219800163e-05,-3.306142453997549,-0.685446926557215,train
787,0.0010186018684201,1.0159278304039825,3.655627260599386e-05,3.333352748446728e-05,-2.9778148731530854,-0.6236238407931766,train
789,0.0012256505210924,1.1365691474212678,3.098521561239843e-05,3.23127096179862e-05,-2.589974200977798,-0.6066009514455812,train
790,0.0016632967313851,1.1386003406232577,3.507327566695998e-05,3.0092024915106744e-05,-2.356613544620909,-0.6386120101801286,train
792,0.001394544330901,1.0047602435658782,3.0116059646263336e-05,2.5840105137293e-05,-3.5762057576446886,-0.5265115796424011,train
793,0.0003073196431359,1.0686632850971471,3.182064226293043e-05,2.9665812752981085e-05,-3.1875915129021006,-0.5683511785521477,train
796,0.001116940020304,1.1064987695617094,3.236386585299162e-05,2.432304685785738e-05,-2.596471918210935,-0.5061317435301452,train
797,0.0008007321174504,1.1490692747644724,3.151972562550921e-05,3.4548631530732896e-05,-2.2396727283723386,-0.5503602161974653,train
798,0.0013245114052511,1.0482401639811398,3.729525706583953e-05,3.325862496742788e-05,-3.928304332920863,-0.4914132897077415,train
799,0.0008376772713255,1.0541265863252185,3.3023490986903294e-05,2.665218005804597e-05,-3.579479289376179,-0.4627814241238109,train
800,0.0013960059928783,1.0688038716855874,4.296029243840167e-05,2.952119031454933e-05,-3.295679979170472,-0.4329392405416684,train
801,0.0010728980248621,1.010424961372606,3.930731191829007e-05,2.420613661840367e-05,-3.080241351142054,-0.435325501554973,train
802,0.0003834262203552,1.1179854723147975,3.376779737561549e-05,2.8720140959912413e-05,-2.740138740904343,-0.4921262680927039,train
807,0.000787467381147,1.0847582672395706,4.161614878154062e-05,3.308394440295484e-05,-3.3512973816586973,-0.3818991815878526,train
808,0.0014413655126745,1.0403304374635156,3.823549985182588e-05,3.183534360964173e-05,-2.933690548586858,-0.3196059291338299,train
809,0.001149019981166,1.1176708157222928,2.950575392628993e-05,3.161848202175768e-05,-2.7648810856523336,-0.3512482289499083,train
810,0.0009593175264355,1.0506511822882687,2.9578488385079652e-05,2.803919890558255e-05,-2.58042799892796,-0.3175800372240449,train
811,0.0008513426268021,1.0834253228428654,3.896896049175449e-05,3.283226023101536e-05,-2.338224349779352,-0.3363494358085444,train
813,0.0009901160407198,1.1247384860833634,3.322409053923433e-05,3.398487162672017e-05,-3.652154150103796,-0.2683808587361056,train
816,0.0004220668415761,1.1513702137505013,2.9704888590648947e-05,3.151230413477438e-05,-2.7826340199574746,-0.2593280082187926,train
817,0.0006838634460844,1.0532561914791845,4.109978631325777e-05,2.803792134543092e-05,-2.584156454660396,-0.2931564301160377,train
820,0.0015733474543931,1.1253560210153228,3.095249820070885e-05,2.4724137851605296e-05,-3.5675246912429155,-0.1418051666539406,train
822,0.0012060858345289,1.0052598781123658,3.875483731006804e-05,2.452088958055969e-05,-2.9830362250322087,-0.1187169459557934,train
823,0.0007150822817903,1.0966363082045882,4.338800094884888e-05,3.22099411049026e-05,-2.721376734187025,-0.1605652115537982,train
824,0.0011287963521333,1.1330537383979171,3.9776813070098696e-05,3.285601860396561e-05,-2.512321095703681,-0.1451995536902082,train
825,0.0008174040424886,1.1215325934026454,3.294666991614494e-05,2.7186033319776344e-05,-2.3240376835709213,-0.193621732874682,train
826,0.0006882885272713,1.040103501084946,3.4731322897636434e-05,3.091795239304774e-05,-3.840639428553544,-0.0331648578768783,train
827,0.0004815804029015,1.0992676402234758,3.1727303694224455e-05,3.2147089609171234e-05,-3.704652024651985,-0.076676391878808,train
828,0.0008571064429949,1.0760764461423038,3.8304023510494615e-05,3.387248830761074e-05,-3.208804857486707,-0.0503970172442326,train
829,0.0004113126407795,1.083884317617349,3.425141890074972e-05,2.4673078802454643e-05,-2.96917374008636,-0.0754471229534206,train
830,0.0016558218653464,1.0177185534030335,4.115832165900256e-05,2.944578822380869e-05,-2.6780894376432487,-0.0594583081841226,train
832,0.000663385698508,1.0299660512187212,3.3417755340390104e-05,3.16476141965929e-05,-2.1924875513233144,-0.0438994749759258,train
833,0.0016075123369242,1.0522332341213378,3.073295202554398e-05,3.5012584755004986e-05,-3.885237654160176,-0.6898614200093913,train
834,0.0012127399260324,1.126212599534154,2.9739748555598228e-05,3.579915426220489e-05,-3.525743635045939,-0.6799979141337712,train
836,0.0008166377351397,1.101055719545288,3.833762045196227e-05,4.143602962891493e-05,-3.095480025153241,-0.6333176205907354,train
837,0.000742924884564,1.1465999319156268,4.180688881041237e-05,3.559313005412431e-05,-2.817431322666525,-0.6979583664870413,train
841,0.0011709097126519,1.0967405707717532,3.123964167373583e-05,4.104322567813712e-05,-3.5196508938846165,-0.5343409655138708,train
843,0.0008502434447288,1.00242698615281,2.9655569338684856e-05,4.097555321167559e-05,-3.089761680086104,-0.5090300003023269,train
844,0.000670553078163,1.018976184558548,3.65723773451724e-05,4.6036560047786566e-05,-2.750721431053317,-0.5034434714355982,train
845,0.0012203490399666,1.147989458741672,3.1826506159582024e-05,4.584422133434765e-05,-2.572497340267988,-0.5058058512859827,train
849,0.0012713394255404,1.0483489266821118,3.892826004538688e-05,4.334009423728583e-05,-3.312850715692848,-0.4902382201068313,train
850,0.0008869816171629,1.0433642505599636,2.988504574489753e-05,4.570297819881511e-05,-3.132871720800714,-0.4858145899060284,train
851,0.0004452401426165,1.0894721822135274,3.657061069286727e-05,4.423610536595494e-05,-2.8576204603285853,-0.4653175192486413,train
852,0.0003730346780789,1.1060202684943383,3.392007555084867e-05,4.250158034987143e-05,-2.608721071744973,-0.4936696422654673,train
854,0.0015373419608463,1.0126491709553769,4.257514554835838e-05,4.608164296065651e-05,-3.762599240109074,-0.3314076102891779,train
858,0.0006108155658283,1.0074696372529102,3.5972671764960147e-05,3.5835654616283094e-05,-2.8968568313142824,-0.3438153110632331,train
859,0.0010922023293625,1.094118034200676,3.389300444454727e-05,4.421566416322112e-05,-2.441452495785556,-0.3876641584576321,train
861,0.0009097038650164,1.103438270743109,4.311986434977094e-05,3.8229032649436055e-05,-3.759804566468012,-0.2296773769226323,train
863,0.0014335890082755,1.0080749047563426,4.068483969617109e-05,4.409807767108414e-05,-3.441061734620819,-0.2767480289845309,train
864,0.0013484971184045,1.1236743170169206,3.3179667643641587e-05,3.548745992853839e-05,-3.1101157357238103,-0.2086931430656768,train
865,0.000499507791969,1.0880400178615577,3.550722462937105e-05,4.485903997589392e-05,-2.895731412209697,-0.2480287452910365,train
866,0.0005801347392832,1.067984892272547,3.21763446462482e-05,3.512101727264537e-05,-2.486052401426879,-0.2325972436369433,train
867,0.0003041917730686,1.1177838878932351,3.9910853163386695e-05,3.8765375229206944e-05,-2.195254696148844,-0.2899425531854517,train
868,0.000634379235606,1.097755267044296,3.7142597826704e-05,4.2171697769876574e-05,-3.9172023077908,-0.1406403764003536,train
870,0.0003041313817595,1.1076125893552984,4.062028097730131e-05,3.658594640895916e-05,-3.380020349232113,-0.143571578417288,train
872,0.0011087638711644,1.0421084728467622,3.38127211325967e-05,3.667054291276531e-05,-2.852577303637468,-0.1205834957265899,train
873,0.0009593197651561,1.130374904719218,3.010984821238292e-05,4.174446447126488e-05,-2.511522846840979,-0.138303536050878,train
876,0.0015847293004027,1.0686038979609898,4.139869444375658e-05,4.2631092187671226e-05,-3.5122374784629145,-0.0374803043463269,train
877,0.0014079577095138,1.0353558762540611,3.883157418314304e-05,4.273060201631941e-05,-3.291217889259816,-0.0173738200110708,train
879,0.0004052161723942,1.125127350809793,3.813572181264245e-05,4.026920563469262e-05,-2.7295453794709457,-0.0917547829021706,train
881,0.0004168115735407,1.0713837473623633,3.827129603655229e-05,3.9083849853758776e-05,-2.102547457779739,-0.0460513631198095,train
882,0.0005305564806662,1.1112936688624684,3.1436799072799745e-05,4.772353335982414e-05,-3.795676440868101,-0.6410196582538371,train
883,0.0007633255762065,1.0504578853838349,3.559301581192632e-05,5.449766786149197e-05,-3.4989127382330225,-0.6126165549583352,train
884,0.0003070396693128,1.080078493371525,3.241285150682603e-05,5.698712203143082e-05,-3.406836875096426,-0.6185541906784103,train
885,0.0004467340119286,1.1448947537430771,3.689373046826152e-05,5.599092815904053e-05,-2.9192823410287327,-0.6474003714879216,train
891,0.0007626019278853,1.0751109296925143,4.092541646895916e-05,5.279762590683958e-05,-3.2412008094087152,-0.5287601292757131,train
892,0.0014467567862339,1.0857310098701782,4.298698702699491e-05,5.3987438464575753e-05,-2.966723080949279,-0.5035689826111757,train
893,0.0015809502708613,1.0042961798551682,3.180414601245115e-05,5.308829512670938e-05,-2.6905737601330504,-0.5705989830340978,train
894,0.001152123541867,1.009038292354728,4.028298219126912e-05,5.282623209884223e-05,-2.490768096611416,-0.522466682626541,train
895,0.0016730238838508,1.0931136960098649,3.151895912365383e-05,5.1874255403714506e-05,-2.310819861053728,-0.5265758889637513,train
896,0.0007034299822451,1.1492475165512572,3.057074957603358e-05,4.8257291867968185e-05,-3.9844741275119153,-0.4492165990903742,train
899,0.0011193793764178,1.0725915151668124,3.487746433251133e-05,4.757090805760981e-05,-2.975839767633365,-0.4398671852654712,train
900,0.0004720449297352,1.0897814684881442,3.978947152417113e-05,5.34271790474268e-05,-2.6814375884051582,-0.4801892827991722,train
901,0.00059621270846,1.099852026804081,3.239845657163749e-05,5.139923902787756e-05,-2.5974349546655446,-0.4309649362724687,train
902,0.0010565853220099,1.1332055820586022,3.7041910225958455e-05,5.221889724416337e-05,-2.275770680632669,-0.4434370276088163,train
903,0.0012064025549037,1.011543270823822,3.474255731308961e-05,5.116810102054555e-05,-3.789784520657358,-0.2996453773121448,train
904,0.0015492423942514,1.0486559530953663,3.72448447310379e-05,5.32358358309577e-05,-3.681633364376936,-0.3448855049721811,train
907,0.0005300518294222,1.1361369308351,3.4362992120343704e-05,4.734203091800016e-05,-2.819000168629319,-0.3964640763510498,train
908,0.0009556429814581,1.0623487974713062,3.566518654099974e-05,4.9853815982628985e-05,-2.562831798312429,-0.3317106137238354,train
909,0.0003477188938681,1.1142937282156085,3.494321273153055e-05,5.220667508829232e-05,-2.2842029422616803,-0.3063200574195728,train
910,0.0013773057378414,1.038218547979269,3.85481570903987e-05,4.6828632565416246e-05,-3.7384440584046006,-0.2770600916038916,train
911,0.0015857033504149,1.0678839724817024,3.294905019606508e-05,5.186517710290765e-05,-3.542867301068166,-0.2421725143874836,train
912,0.0015783389009926,1.079273517587791,4.276929296421472e-05,5.670365197067066e-05,-3.2800800836485102,-0.2970024345489269,train
914,0.0007491924874911,1.1042048036610563,4.001887513157093e-05,4.75392365888936e-05,-2.780067152068934,-0.2092376843996896,train
916,0.0007184702642193,1.0594555110281592,4.2452173315118346e-05,5.7334095952619545e-05,-2.2548158977077333,-0.2259134457108481,train
917,0.0003112214060017,1.1264670781637451,3.93823945931991e-05,4.760391127350887e-05,-3.8143284218769775,-0.165267283876119,train
918,0.0013459636385378,1.0134151901719206,4.20477560947041e-05,5.225038952997393e-05,-3.689204147574678,-0.1477340384476882,train
920,0.0013106876503259,1.0557048615877318,3.5472304768729874e-05,5.570139890884477e-05,-3.098846906624332,-0.1272007520641563,train
921,0.0010952313473964,1.0360052736981762,3.866067338153077e-05,5.576089017312954e-05,-2.7316636534183445,-0.1312727399824314,train
922,0.0005616538156115,1.0628505716509835,3.530045040638743e-05,4.926902221872864e-05,-2.455642824947152,-0.1459462732673461,train
923,0.0015546172091256,1.057312472294688,3.222139729877658e-05,4.731350943682501e-05,-2.1389807600056003,-0.1099699601844467,train
924,0.0003854712483029,1.011962496568248,3.007013370196889e-05,5.526658361300743e-05,-3.748060407002078,-0.0278077539923123,train
925,0.0013144413430719,1.1509635704987946,3.133476187688375e-05,4.734435028714632e-05,-3.4889090393248443,-0.0330610758331815,train
926,0.00043276971167,1.0864541040133584,3.6612889397721616e-05,5.086582669812961e-05,-3.202202612113781,-0.0703788437007633,train
927,0.0003218635084708,1.1057383812784465,2.959472231895846e-05,5.094327107873038e-05,-2.96932488170027,-0.0729374610520661,train
930,0.0015074382604587,1.1360832914121488,3.058593157824171e-05,4.898298321340676e-05,-2.097128826458341,-0.0001673557416553,train
933,0.0012340389908741,1.0765666221792225,4.292763683525748e-05,6.086732008956487e-05,-3.185143817168201,-0.6919209939428426,train
934,0.0010772279668981,1.142945187508619,3.2974406910725065e-05,6.071983508660588e-05,-3.070164079853132,-0.6216703158795086,train
935,0.0005921237000431,1.0556677775895962,3.521896835044728e-05,6.488530403971784e-05,-2.715679717636517,-0.6155554226959865,train
936,0.0012515381217215,1.1188246754875064,3.6598825491343925e-05,6.578938822063013e-05,-2.612217269587205,-0.6109854017592027,train
938,0.0014158825130842,1.1328294984075624,3.774167426499445e-05,6.237990621485581e-05,-3.950522563209521,-0.563364886489079,train
939,0.0014559886455582,1.1491885163401534,3.147678501653012e-05,6.449613453708282e-05,-3.634389369643425,-0.5273809563801584,train
940,0.001001162525995,1.0992791446938504,3.272833682306862e-05,5.762264147342631e-05,-3.3320688924257027,-0.5119236357653971,train
941,0.0004892507185505,1.066426694702643,2.998507125100972e-05,6.197280110306977e-05,-2.9871699171069954,-0.5151772630265059,train
942,0.0012069251463161,1.0630780573378775,3.741185186539494e-05,6.639859488360079e-05,-2.78658425466521,-0.5075142701164237,train
943,0.0013462862405461,1.0784699756660965,3.095795793341208e-05,6.409277407799212e-05,-2.4654476022158143,-0.5521725128126918,train
945,0.0006533832280812,1.1026495081870258,3.592628098462612e-05,5.9801037266491216e-05,-3.857031609419992,-0.450215045778828,train
946,0.000697084333691,1.0106462754678234,3.744097864821621e-05,5.8732926354456216e-05,-3.552144141211053,-0.4210141784277225,train
947,0.0010923795707271,1.0049685704402225,4.260666207623839e-05,5.789079186092152e-05,-3.3097178727478838,-0.4474588023239326,train
948,0.001567730149386,1.0969121827524615,3.612104445931618e-05,5.900470431636056e-05,-2.9869039902734635,-0.4106695057690396,train
949,0.0015916954579682,1.103630578416246,2.9430515899228883e-05,6.677675424444077e-05,-2.647720479126756,-0.4090107210100597,train
950,0.0003945670929982,1.13064205917621,3.0921711605285464e-05,5.966768805948426e-05,-2.4750009156389514,-0.4912064733319146,train
951,0.0007071768006396,1.1094099948138103,3.465450098924228e-05,6.749568812820091e-05,-2.2703836203391266,-0.4365279777604179,train
952,0.0011707066362509,1.012616326898218,4.069344202011807e-05,6.260090283744322e-05,-3.97657374268942,-0.3737760453674826,train
954,0.0009804663664106,1.0288749115494598,3.986083201464735e-05,6.529330467327493e-05,-3.3352603462442403,-0.3493246248352378,train
956,0.0005849090895691,1.141092294869144,3.168061580549725e-05,6.499032254367475e-05,-2.699340679615639,-0.3497375732108995,train
959,0.0014340297053205,1.1073294105384812,4.135887156771644e-05,6.70540622410381e-05,-3.85970009070584,-0.2399387748607612,train
960,0.0007214355533196,1.088314812833694,3.0196536997597085e-05,5.9660664074502224e-05,-3.5272166105490195,-0.2941030676546721,train
961,0.0014634976492979,1.0482455729280742,3.612090981329748e-05,6.094507191389943e-05,-3.4038898061074754,-0.2501797471196861,train
963,0.0011814470186821,1.1456255692171498,3.544152525921718e-05,6.383915684292403e-05,-2.8665855855919498,-0.2328896503678102,train
964,0.0012050102393528,1.0072665860855976,4.296904420190735e-05,6.0594087815438064e-05,-2.586516023083357,-0.257149436511429,train
965,0.0005763115227352,1.0553509777921095,3.641037690493786e-05,5.93921932783609e-05,-2.1803435321280835,-0.260930095654127,train
966,0.0004605024586971,1.132899035432212,3.387307935571284e-05,6.545076465137091e-05,-3.855012897900209,-0.1376056128135903,train
967,0.0004811186244986,1.072588642285333,3.947139142335846e-05,6.0977023119630514e-05,-3.5300235366812607,-0.1924312935038361,train
968,0.0004977269569471,1.0735428503057844,3.864280819195293e-05,6.274746921757399e-05,-3.4173343750540432,-0.1149524151382323,train
969,0.000302246437325,1.0468083053923285,3.109751417526364e-05,6.129608788828452e-05,-3.138021561473308,-0.1156268156521933,train
970,0.0009821269066484,1.0245861859514855,4.0243209320276e-05,6.85020034245107e-05,-2.8260022142346566,-0.1761661560522959,train
971,0.0014377321868464,1.023108090384836,3.1602412145736e-05,6.041934772205738e-05,-2.4839049627364123,-0.1126402247681133,train
973,0.0014901373463656,1.089159843227453,3.088511192667718e-05,5.8439661161693727e-05,-3.987487179609397,-0.041425250979964,train
974,0.001296935113631,1.1054024696625206,3.942383946969597e-05,6.690609427434247e-05,-3.63602137770831,-0.0183390321315331,train
975,0.0016664182010637,1.134717792861142,3.816878248540681e-05,6.548581938632492e-05,-3.3892756984893984,-0.0685479149531328,train
977,0.0004057583647064,1.0577739200216658,3.884487210613736e-05,6.683618856775697e-05,-2.74123675491804,-0.0580761465450426,train
978,0.0008757170901508,1.0420315606477966,4.180377442459768e-05,6.611641677324073e-05,-2.571438246677177,-0.0837171748236398,train
979,0.0007671438460284,1.0518826650763762,3.363014167192011e-05,6.062656918595448e-05,-2.327261587826698,-0.0937933231533922,train
983,0.0013990710537082,1.1094862051363814,4.2404200026463535e-05,7.54553036651743e-05,-3.1047713255624547,-0.6540416678842584,train
984,0.0011073378505616,1.007145656974357,3.1855347256858345e-05,7.758305551869048e-05,-2.703393224721588,-0.6369335509945805,train
985,0.0010896309117906,1.0551002070570452,3.938296622532098e-05,7.005385956352084e-05,-2.514464317336219,-0.613477927754934,train
986,0.0007034032280384,1.1317706582881502,3.293653624779547e-05,7.54522977527463e-05,-2.2374966826821487,-0.6391028245532941,train
988,0.0012224988879176,1.1138390619612597,4.109283773562754e-05,7.799579234929104e-05,-3.694918198870578,-0.5094777092278917,train
989,0.001665259209215,1.0444696761793717,4.246326998122208e-05,7.8986434240496e-05,-3.4361033868266726,-0.5203444748130818,train
990,0.0014719707919111,1.090378327738811,3.424028139665667e-05,7.380427864949641e-05,-3.135503991580494,-0.5645102824556335,train
991,0.0007690293246357,1.0969664140042523,3.9518122438001954e-05,7.051192111404934e-05,-2.769869861760638,-0.5115407142868665,train
993,0.0011162979186058,1.0057144465379118,3.3272430491534106e-05,7.597147760841452e-05,-2.271605488950489,-0.5237368587667165,train
994,0.001297211706453,1.0631822395330206,3.663457823632313e-05,7.106878516662253e-05,-3.9784766737543737,-0.4265946376498336,train
995,0.0014275331714586,1.120822823756061,3.487789772536172e-05,7.803052687623194e-05,-3.5662553705716684,-0.4032052735511575,train
997,0.000918664837016,1.129321440620455,3.6574521933301285e-05,7.475215156352404e-05,-2.945298723461608,-0.4626250915075093,train
998,0.0007955857920553,1.1202262157865577,3.325091908980923e-05,7.071995349577074e-05,-2.8130495728989984,-0.4098513461840968,train
999,0.0008916585197078,1.1376366887874194,3.0653640367001965e-05,7.890241772208717e-05,-2.5612155554288614,-0.4630070604955968,train
